,end_points,14:49:14,2920
0,28.4,-2.2,2.6
1,-85.3,-1.4,0.2
2,0.0,160.0,4.1
3,-1.2,-26.2,1.7
4,28.2,-3.2,2.6
5,-84.9,-2.4,0.3
6,0.2,158.9,4.1
7,-1.2,-27.4,1.7
8,28.5,-3.3,2.5
9,-85.2,-2.3,0.4
10,0.4,158.7,3.4
11,-1.2,-26.8,1.8
12,28.4,-3.3,2.5
13,-84.9,-2.2,0.5
14,0.5,159.5,3.2
15,-1.2,-27.3,1.8
16,28.5,-4.3,2.5
17,-85.2,-3.2,0.5
18,0.5,158.2,3.1
19,-1.2,-28.0,1.8
20,28.6,-4.3,2.5
21,-84.9,-3.2,0.5
22,0.5,158.0,3.1
23,-1.2,-28.0,1.8
24,28.1,-5.3,2.5
25,-85.5,-4.2,0.5
26,0.4,156.9,3.1
27,-1.2,-29.5,1.8
28,28.7,-5.2,2.5
29,-85.5,-4.5,0.5
30,-0.1,157.2,3.1
31,-1.1,-29.5,1.8
32,29.5,-3.2,2.5
33,-83.8,-2.5,0.5
34,1.0,159.2,1.8
35,-0.2,-27.1,2.0
36,29.5,-0.2,1.5
37,-83.7,0.6,-0.3
38,1.2,160.0,-0.6
39,-0.2,-24.4,1.2
40,29.4,-0.1,1.5
41,-84.0,0.2,-0.4
42,0.4,160.0,-0.5
43,-0.1,-24.4,1.2
44,30.7,0.4,1.2
45,-82.2,2.6,0.4
46,4.1,160.0,0.0
47,0.5,-23.2,1.1
48,32.0,-0.2,2.2
49,-82.0,4.4,1.5
50,8.6,160.0,1.7
51,1.0,-23.5,2.0
52,29.8,-1.8,1.3
53,-84.7,5.0,0.1
54,9.5,160.0,1.9
55,-1.4,-23.9,0.9
56,29.5,-1.7,1.3
57,-84.8,8.6,0.2
58,14.5,160.0,2.2
59,-2.1,-22.8,0.8
60,30.7,-3.4,1.5
61,-85.4,9.5,-0.5
62,17.7,159.8,4.0
63,-2.6,-23.9,0.5
64,30.0,-3.6,0.5
65,-87.1,10.1,-1.3
66,17.7,159.4,2.3
67,-3.8,-23.6,-0.3
68,29.5,-3.2,0.4
69,-87.4,9.1,-1.1
70,15.8,160.0,2.1
71,-3.5,-23.8,-0.3
72,30.1,-3.2,0.2
73,-86.1,8.6,-0.7
74,15.4,160.0,1.8
75,-3.4,-23.9,-0.3
76,29.6,-2.2,0.9
77,-86.7,6.2,1.4
78,10.7,160.0,1.0
79,-2.7,-23.2,1.0
80,27.6,-1.3,1.0
81,-86.3,4.0,1.0
82,6.7,160.0,4.7
83,-2.1,-23.9,0.4
84,30.6,-1.8,1.2
85,-84.4,1.2,0.4
86,3.3,160.0,3.2
87,-1.6,-23.0,0.7
88,30.1,-1.8,0.6
89,-81.7,1.1,2.2
90,3.4,160.0,9.0
91,-1.6,-22.2,-0.0
92,29.4,-0.7,-0.1
93,-85.7,1.9,4.2
94,4.0,160.0,4.7
95,-0.5,-19.5,0.6
96,27.2,-0.6,1.8
97,-85.2,1.9,2.5
98,3.9,160.0,16.9
99,-0.4,-16.5,0.6
100,35.9,-3.4,2.0
101,-82.4,1.0,-1.2
102,5.1,160.0,12.3
103,-1.6,-20.1,-0.2
104,47.4,-6.7,0.2
105,-77.0,-0.0,-0.3
106,6.4,160.0,1.4
107,-4.0,-22.3,-0.1
108,37.9,-9.9,0.0
109,-87.3,-1.1,5.9
110,8.3,160.0,3.1
111,-6.6,-43.9,1.8
112,35.9,-14.7,3.1
113,-89.6,-3.5,5.8
114,9.6,160.0,-9.2
115,-10.5,-62.3,7.8
116,64.0,-21.1,2.1
117,-89.5,-5.8,10.5
118,9.4,160.0,-11.7
119,-29.8,-160.0,30.6
120,55.1,-21.7,4.1
121,-89.1,-6.1,10.8
122,10.7,159.3,-17.4
123,-32.2,-160.0,41.7
124,52.4,-22.7,7.5
125,-89.4,-6.8,11.0
126,11.8,156.8,-13.3
127,-34.1,-160.0,41.0
128,51.5,-22.6,10.1
129,-88.7,-6.5,12.3
130,14.1,160.0,-5.5
131,-34.2,-160.0,34.2
132,59.3,-23.5,12.4
133,-90.2,-6.3,11.4
134,14.7,160.0,-0.8
135,-34.8,-160.0,29.7
136,160.0,-36.4,17.1
137,-90.1,-4.0,12.6
138,16.8,160.0,5.4
139,-33.3,-160.0,26.1
140,160.0,-36.6,18.9
141,-91.0,-2.0,13.4
142,17.1,160.0,9.3
143,-32.0,-160.0,23.2
144,160.0,-33.1,21.3
145,-91.1,1.0,13.8
146,18.4,160.0,16.2
147,-29.4,-160.0,15.7
148,160.0,-29.4,24.6
149,-92.4,5.5,15.2
150,20.2,160.0,25.6
151,-27.2,-160.0,6.8
152,160.0,-26.5,29.9
153,-92.9,8.9,15.6
154,21.6,160.0,34.9
155,-24.6,-160.0,-2.1
156,160.0,-23.2,30.6
157,-94.9,10.5,16.6
158,20.4,160.0,37.0
159,-23.0,-160.0,-2.8
160,160.0,-21.8,30.3
161,-96.2,10.0,19.6
162,19.4,160.0,38.4
163,-22.0,-160.0,-0.5
164,160.0,-20.2,28.9
165,-96.7,9.4,21.7
166,18.4,160.0,33.6
167,-21.0,-160.0,9.0
168,160.0,-18.3,27.1
169,-97.7,8.5,24.0
170,16.1,160.0,29.8
171,-20.3,-160.0,17.3
172,160.0,-18.0,25.7
173,-97.9,6.8,26.1
174,14.2,160.0,25.5
175,-19.9,-160.0,26.7
176,160.0,-18.2,24.8
177,-97.0,5.3,28.0
178,13.5,160.0,23.4
179,-18.9,-160.0,32.8
180,160.0,-17.7,25.1
181,-97.7,5.1,29.3
182,12.0,160.0,22.9
183,-19.2,-160.0,36.1
184,160.0,-17.2,27.2
185,-97.3,4.8,29.8
186,11.7,160.0,25.0
187,-18.6,-160.0,35.3
188,160.0,-15.3,28.8
189,-97.3,5.4,30.5
190,11.0,160.0,27.9
191,-17.5,-160.0,33.4
192,160.0,-14.9,29.1
193,-97.1,5.2,31.9
194,10.7,160.0,32.0
195,-17.0,-160.0,29.4
196,160.0,-14.5,30.0
197,-97.6,5.1,32.9
198,10.4,160.0,35.0
199,-16.6,-160.0,27.1
200,160.0,-13.0,31.6
201,-98.1,5.8,32.2
202,10.0,160.0,35.5
203,-16.0,-160.0,26.4
204,160.0,-12.3,34.8
205,-97.1,5.5,32.2
206,10.4,160.0,37.6
207,-14.0,-160.0,25.6
208,160.0,-11.6,36.6
209,-96.9,5.2,31.4
210,9.9,160.0,37.7
211,-13.1,-160.0,25.5
212,160.0,-12.2,36.6
213,-97.7,4.0,31.4
214,8.5,160.0,36.7
215,-13.6,-160.0,27.1
216,160.0,-11.9,34.9
217,-97.5,3.9,32.1
218,8.4,160.0,34.8
219,-13.4,-160.0,30.2
220,160.0,-12.3,33.9
221,-97.2,2.6,32.6
222,8.0,160.0,33.8
223,-12.6,-160.0,31.7
224,160.0,-11.7,32.4
225,-96.8,2.3,33.3
226,7.5,160.0,32.6
227,-11.9,-160.0,33.6
228,160.0,-12.1,31.8
229,-96.4,1.0,35.0
230,7.1,160.0,34.3
231,-11.1,-160.0,33.5
232,160.0,-12.1,32.4
233,-96.3,-0.4,34.7
234,6.3,160.0,33.1
235,-9.8,-160.0,35.3
236,160.0,-10.8,32.1
237,-96.1,-1.0,34.8
238,5.4,160.0,34.7
239,-8.2,-160.0,32.9
240,160.0,-10.1,32.7
241,-96.9,-1.3,34.6
242,3.9,160.0,34.4
243,-8.3,-160.0,33.4
244,160.0,-9.9,32.4
245,-95.9,-2.9,34.7
246,3.9,160.0,35.8
247,-5.9,-160.0,31.2
248,160.0,-9.5,32.9
249,-97.2,-4.5,34.5
250,1.8,160.0,36.5
251,-5.2,-160.0,30.3
252,160.0,-10.3,34.1
253,-97.5,-7.0,35.4
254,0.8,160.0,35.5
255,-3.7,-160.0,34.2
256,160.0,-11.3,35.5
257,-98.3,-8.0,34.8
258,0.9,160.0,33.8
259,-3.7,-160.0,36.8
260,160.0,-11.5,35.1
261,-98.9,-7.9,35.0
262,1.1,160.0,33.9
263,-4.0,-160.0,36.6
264,160.0,-13.6,34.6
265,-97.9,-9.9,35.2
266,2.1,160.0,36.1
267,-3.0,-160.0,33.4
268,160.0,-14.3,36.7
269,-98.4,-9.5,34.2
270,2.7,160.0,36.0
271,-3.8,-160.0,33.6
272,160.0,-17.0,35.2
273,-98.2,-11.2,34.9
274,3.3,160.0,37.3
275,-4.7,-160.0,31.7
276,160.0,-18.4,34.6
277,-98.0,-12.0,33.7
278,3.7,160.0,36.2
279,-5.1,-160.0,30.9
280,160.0,-19.6,34.1
281,-98.1,-12.9,34.0
282,3.9,160.0,36.1
283,-5.4,-160.0,31.1
284,160.0,-22.0,34.3
285,-99.1,-14.8,35.3
286,3.2,160.0,37.1
287,-6.8,-160.0,32.1
288,160.0,-23.4,33.8
289,-99.5,-15.6,35.6
290,3.6,160.0,36.5
291,-7.2,-160.0,32.9
292,160.0,-25.8,33.9
293,-98.4,-17.4,35.5
294,5.0,160.0,36.6
295,-6.6,-160.0,32.8
296,160.0,-26.9,33.8
297,-98.8,-18.4,35.5
298,5.1,160.0,37.0
299,-6.6,-160.0,32.4
300,160.0,-28.2,35.2
301,-98.7,-20.7,34.9
302,4.5,160.0,36.1
303,-5.9,-160.0,33.6
304,160.0,-28.2,34.8
305,-98.5,-22.0,33.6
306,3.8,160.0,35.9
307,-4.9,-160.0,31.6
308,113.7,-28.2,34.5
309,-98.0,-24.1,33.6
310,3.6,160.0,37.7
311,-4.6,-160.0,29.4
312,47.1,-28.1,34.2
313,-98.0,-24.7,33.6
314,4.6,160.0,38.1
315,-5.7,-160.0,28.9
316,40.8,-30.1,34.2
317,-98.2,-26.3,33.4
318,5.4,160.0,37.8
319,-6.6,-160.0,29.5
320,38.2,-32.3,34.4
321,-97.1,-27.8,33.1
322,6.6,160.0,36.6
323,-7.8,-160.0,30.9
324,37.3,-35.5,34.5
325,-96.6,-30.1,32.8
326,8.1,160.0,34.6
327,-9.5,-160.0,33.3
328,37.2,-39.2,34.5
329,-95.9,-31.4,32.7
330,11.9,160.0,31.3
331,-13.6,-160.0,37.1
332,37.9,-41.8,34.1
333,-96.0,-31.9,33.7
334,15.1,160.0,30.3
335,-17.1,-160.0,38.2
336,39.1,-44.0,34.0
337,-95.5,-33.8,34.0
338,15.5,160.0,31.0
339,-17.4,-160.0,37.3
340,40.1,-45.0,33.1
341,-94.9,-34.8,32.9
342,15.7,160.0,31.8
343,-17.2,-160.0,34.3
344,40.5,-47.1,32.7
345,-94.6,-36.7,33.7
346,16.3,160.0,33.1
347,-17.3,-160.0,32.9
348,40.7,-48.1,32.5
349,-94.3,-37.8,34.2
350,16.3,160.0,36.7
351,-17.1,-160.0,29.1
352,40.7,-50.1,31.8
353,-93.9,-39.8,32.4
354,16.3,160.0,37.9
355,-16.9,-160.0,25.9
356,40.2,-52.1,31.8
357,-93.4,-41.7,32.4
358,16.9,160.0,38.3
359,-17.2,-160.0,25.6
360,40.4,-55.4,32.7
361,-93.6,-44.2,30.3
362,18.1,160.0,36.5
363,-18.1,-160.0,27.5
364,41.3,-56.9,32.4
365,-93.4,-47.5,31.0
366,15.3,160.0,32.4
367,-15.1,-160.0,31.6
368,42.7,-58.1,33.4
369,-93.4,-51.5,32.1
370,10.7,160.0,30.8
371,-10.3,-160.0,35.1
372,46.2,-59.3,32.5
373,-94.9,-55.4,34.0
374,6.3,160.0,30.2
375,-5.8,-160.0,35.6
376,57.5,-61.4,31.5
377,-97.4,-60.3,35.5
378,0.4,160.0,28.4
379,-2.3,-160.0,37.2
380,160.0,-61.3,29.1
381,-97.1,-63.8,34.8
382,-2.0,160.0,27.5
383,1.8,-160.0,37.9
384,160.0,-60.4,32.2
385,-97.5,-65.6,33.3
386,-3.8,160.0,28.0
387,3.4,-160.0,37.4
388,160.0,-60.5,33.5
389,-97.7,-67.0,32.8
390,-4.8,160.0,31.1
391,4.1,-160.0,34.7
392,160.0,-62.8,35.9
393,-97.8,-68.8,31.7
394,-4.5,160.0,33.7
395,3.8,-160.0,32.4
396,160.0,-65.9,35.9
397,-97.8,-68.9,31.7
398,-2.3,160.0,35.4
399,1.9,-160.0,31.0
400,160.0,-67.6,34.1
401,-99.0,-71.1,33.9
402,-3.6,160.0,34.7
403,1.2,-160.0,33.4
404,160.0,-67.4,31.3
405,-99.2,-74.0,35.2
406,-6.0,160.0,34.6
407,3.1,-160.0,33.5
408,160.0,-66.7,28.3
409,-99.9,-77.3,36.5
410,-9.1,160.0,30.2
411,5.5,-160.0,37.0
412,160.0,-66.1,28.0
413,-101.3,-79.0,36.7
414,-12.0,160.0,26.6
415,5.9,-160.0,39.9
416,160.0,-67.5,27.9
417,-100.4,-81.3,35.3
418,-11.7,160.0,23.5
419,7.4,-160.0,40.5
420,160.0,-69.4,28.3
421,-100.1,-81.9,35.1
422,-10.8,160.0,22.5
423,6.6,-160.0,41.1
424,160.0,-72.1,32.1
425,-101.2,-80.7,33.4
426,-7.7,160.0,24.2
427,4.1,-160.0,39.8
428,160.0,-71.6,34.8
429,-99.6,-79.4,30.7
430,-5.0,160.0,27.3
431,5.6,-160.0,35.6
432,160.0,-71.9,41.1
433,-100.7,-80.8,27.9
434,-7.0,160.0,34.4
435,5.3,-160.0,30.1
436,160.0,-72.8,39.4
437,-100.9,-81.8,28.6
438,-7.0,160.0,33.9
439,5.4,-160.0,30.5
440,160.0,-72.3,35.1
441,-101.3,-82.1,30.6
442,-7.5,160.0,30.1
443,5.7,-160.0,33.4
444,160.0,-74.1,31.4
445,-100.8,-82.7,32.3
446,-6.8,160.0,27.0
447,5.1,-160.0,35.7
448,160.0,-75.2,28.2
449,-100.6,-82.2,33.7
450,-5.5,160.0,26.7
451,4.2,-160.0,36.0
452,160.0,-75.3,29.9
453,-100.8,-82.2,34.4
454,-5.4,160.0,28.0
455,4.1,-160.0,36.7
456,160.0,-74.3,29.2
457,-100.6,-81.2,34.7
458,-5.4,160.0,29.6
459,4.0,-160.0,35.5
460,160.0,-76.8,32.2
461,-101.1,-81.4,31.9
462,-3.6,160.0,32.2
463,2.7,-160.0,31.9
464,160.0,-78.4,34.7
465,-100.8,-80.7,32.2
466,-1.8,160.0,33.5
467,1.4,-160.0,32.7
468,160.0,-78.0,35.3
469,-100.1,-79.5,32.0
470,-0.1,160.0,33.3
471,1.8,-160.0,32.7
472,160.0,-79.0,35.0
473,-100.6,-79.0,30.6
474,1.0,160.0,32.8
475,1.0,-160.0,31.4
476,160.0,-80.3,35.5
477,-101.0,-78.4,30.4
478,2.4,160.0,34.7
479,-0.0,-160.0,30.0
480,160.0,-82.7,35.2
481,-101.5,-78.8,30.5
482,4.0,160.0,33.5
483,-1.3,-160.0,30.9
484,160.0,-83.2,34.1
485,-101.3,-78.5,31.0
486,4.6,160.0,31.5
487,-1.7,-160.0,32.4
488,160.0,-83.1,32.4
489,-100.8,-78.6,31.8
490,4.5,160.0,28.1
491,-1.6,-160.0,34.9
492,160.0,-83.2,32.0
493,-100.8,-78.5,32.0
494,4.6,160.0,29.5
495,-1.7,-160.0,33.9
496,160.0,-82.0,31.4
497,-101.1,-77.6,30.8
498,4.4,160.0,30.1
499,-1.6,-160.0,31.7
500,160.0,-82.4,32.0
501,-100.6,-77.4,30.5
502,4.9,160.0,31.7
503,-1.9,-160.0,30.5
504,160.0,-83.4,32.0
505,-101.3,-77.0,30.6
506,4.9,160.0,33.5
507,-3.7,-160.0,29.1
508,160.0,-84.5,32.2
509,-101.0,-77.9,31.9
510,5.1,160.0,33.2
511,-3.9,-160.0,31.1
512,160.0,-84.1,31.5
513,-101.5,-78.1,32.2
514,4.6,160.0,31.9
515,-3.5,-160.0,32.1
516,160.0,-83.3,30.4
517,-101.3,-78.5,32.7
518,3.7,160.0,30.7
519,-2.8,-160.0,33.0
520,160.0,-82.4,29.3
521,-101.3,-78.9,31.8
522,2.7,160.0,29.3
523,-2.0,-160.0,32.3
524,160.0,-81.9,29.6
525,-101.1,-79.1,31.6
526,2.1,160.0,29.7
527,-1.6,-160.0,32.0
528,160.0,-80.5,29.5
529,-101.3,-78.3,30.2
530,1.7,160.0,30.3
531,-1.3,-160.0,29.8
532,160.0,-80.7,30.7
533,-101.6,-78.2,29.7
534,1.9,160.0,32.9
535,-1.4,-160.0,27.8
536,160.0,-81.0,32.1
537,-100.3,-78.1,30.5
538,3.3,160.0,34.6
539,-0.7,-160.0,28.3
540,160.0,-80.9,29.8
541,-100.6,-78.1,30.1
542,3.1,160.0,31.8
543,-0.6,-160.0,28.6
544,160.0,-80.6,30.2
545,-100.9,-78.2,31.4
546,2.9,160.0,31.7
547,-0.4,-160.0,30.4
548,160.0,-79.9,28.8
549,-101.0,-78.6,32.0
550,2.0,160.0,30.6
551,0.2,-160.0,31.3
552,160.0,-79.9,28.5
553,-101.8,-78.6,32.2
554,2.0,160.0,30.7
555,0.2,-160.0,31.2
556,160.0,-79.8,28.4
557,-100.7,-78.6,32.2
558,2.9,160.0,30.3
559,1.3,-160.0,31.5
560,160.0,-80.6,27.7
561,-101.1,-79.7,32.5
562,2.6,160.0,29.2
563,1.5,-160.0,32.4
564,160.0,-80.1,27.5
565,-101.0,-80.0,32.7
566,3.0,160.0,29.1
567,3.0,-160.0,32.4
568,160.0,-79.3,27.7
569,-102.0,-80.3,32.6
570,2.2,160.0,29.7
571,3.6,-160.0,32.0
572,160.0,-78.3,28.5
573,-101.1,-80.8,32.2
574,2.0,160.0,29.9
575,5.5,-160.0,31.8
576,160.0,-76.9,28.7
577,-100.5,-80.0,30.7
578,3.6,160.0,29.1
579,7.8,-160.0,30.7
580,160.0,-77.5,29.1
581,-101.1,-79.7,30.4
582,5.3,160.0,31.3
583,8.3,-160.0,29.0
584,160.0,-77.3,29.5
585,-100.6,-78.4,30.2
586,7.1,160.0,32.6
587,8.7,-160.0,28.0
588,160.0,-77.4,29.5
589,-101.1,-78.3,30.2
590,8.4,160.0,33.5
591,9.5,-160.0,27.3
592,160.0,-77.9,29.1
593,-100.1,-78.1,30.5
594,10.9,160.0,33.8
595,11.1,-160.0,27.1
596,160.0,-78.1,28.7
597,-101.2,-77.9,30.7
598,12.1,160.0,33.2
599,11.9,-160.0,27.5
600,160.0,-78.5,28.0
601,-101.7,-77.7,31.1
602,13.6,160.0,31.8
603,12.6,-160.0,28.6
604,160.0,-78.9,28.1
605,-100.3,-77.5,31.1
606,16.1,160.0,30.2
607,14.2,-160.0,29.9
608,160.0,-80.0,28.4
609,-101.5,-78.4,30.9
610,17.3,160.0,30.1
611,15.0,-160.0,29.9
612,160.0,-80.3,28.2
613,-100.4,-78.3,31.1
614,19.5,160.0,29.6
615,16.8,-160.0,30.3
616,160.0,-80.2,28.5
617,-101.9,-78.3,30.9
618,20.4,160.0,29.5
619,17.9,-160.0,30.4
620,160.0,-80.0,28.3
621,-100.9,-78.4,31.0
622,22.2,160.0,29.1
623,20.0,-160.0,30.7
624,160.0,-79.9,28.4
625,-101.1,-78.5,31.0
626,24.1,160.0,29.3
627,22.2,-160.0,30.6
628,160.0,-79.7,28.7
629,-100.6,-78.6,30.9
630,25.9,160.0,30.0
631,24.3,-160.0,30.0
632,160.0,-79.8,28.6
633,-101.4,-78.5,30.9
634,28.0,160.0,30.0
635,26.2,-160.0,30.0
636,160.0,-79.8,28.9
637,-100.8,-78.4,30.7
638,30.1,160.0,30.3
639,28.2,-160.0,29.8
640,160.0,-80.8,29.2
641,-100.5,-79.5,30.5
642,32.0,160.0,29.9
643,30.2,-160.0,30.1
644,160.0,-79.7,29.4
645,-100.9,-78.5,30.4
646,33.9,160.0,28.9
647,32.3,-160.0,30.8
648,160.0,-80.8,29.8
649,-100.7,-79.4,30.2
650,36.1,159.7,29.5
651,34.1,-160.0,30.4
652,160.0,-80.6,30.1
653,-100.6,-79.5,29.9
654,37.5,65.2,29.7
655,36.3,-160.0,30.4
656,160.0,-80.7,28.2
657,-100.2,-79.5,31.4
658,39.2,-35.2,30.1
659,38.3,-160.0,29.7
660,160.0,-80.7,25.9
661,-101.1,-79.4,33.2
662,41.1,-46.0,29.9
663,40.3,-160.0,30.5
664,160.0,-81.4,28.2
665,-101.1,-78.9,31.5
666,43.2,-53.3,29.8
667,41.5,-160.0,31.1
668,160.0,-82.8,28.2
669,-100.0,-77.7,31.5
670,46.4,-55.7,29.6
671,43.1,-160.0,33.5
672,160.0,-85.1,33.6
673,-100.2,-75.7,26.9
674,48.7,-55.9,29.8
675,42.4,-160.0,31.5
676,160.0,-85.7,31.0
677,-99.7,-75.0,29.1
678,50.8,-55.7,29.9
679,43.7,-160.0,30.5
680,160.0,-85.7,29.0
681,-100.0,-74.9,30.9
682,52.8,-55.4,30.2
683,45.6,-160.0,28.1
684,160.0,-82.7,28.8
685,-101.9,-77.5,31.1
686,53.4,-53.9,30.2
687,49.8,-160.0,28.5
688,160.0,-80.1,30.0
689,-102.9,-79.9,30.0
690,55.0,-50.9,29.8
691,54.9,-160.0,31.5
692,160.0,-78.4,31.2
693,-101.8,-83.6,28.8
694,57.4,-45.4,29.8
695,61.2,-160.0,31.1
696,160.0,-77.5,31.3
697,-100.2,-86.6,28.7
698,60.8,-38.7,29.3
699,67.6,-160.0,33.3
700,160.0,-76.2,34.8
701,-101.8,-88.1,25.0
702,60.5,-12.1,28.1
703,70.2,-160.0,35.4
704,160.0,-75.6,35.0
705,-100.3,-88.8,24.7
706,56.3,160.0,23.3
707,74.0,-160.0,35.5
708,160.0,-75.1,34.0
709,-101.1,-87.4,25.7
710,57.6,160.0,23.4
711,74.5,-160.0,35.3
712,160.0,-76.6,33.9
713,-101.1,-85.9,25.7
714,61.8,160.0,26.2
715,74.7,-160.0,33.1
716,160.0,-77.5,33.2
717,-102.4,-82.9,26.3
718,65.8,160.0,29.7
719,73.3,-160.0,30.2
720,160.0,-78.0,32.9
721,-101.1,-80.1,26.7
722,69.2,160.0,33.8
723,72.4,-160.0,27.0
724,160.0,-79.1,31.4
725,-102.2,-78.8,28.4
726,71.2,160.0,36.0
727,70.9,-160.0,25.3
728,160.0,-78.6,30.2
729,-103.9,-77.3,29.7
730,71.0,160.0,36.9
731,69.2,-160.0,24.8
732,160.0,-78.5,26.7
733,-102.1,-77.4,36.0
734,73.1,160.0,38.1
735,71.2,-160.0,25.6
736,160.0,-78.8,28.6
737,-102.3,-77.1,33.9
738,74.5,160.0,35.7
739,71.9,-160.0,27.5
740,160.0,-78.5,31.3
741,-101.9,-77.4,30.7
742,75.0,160.0,32.9
743,73.3,-160.0,29.6
744,160.0,-78.1,32.3
745,-102.1,-77.8,27.2
746,75.2,160.0,30.8
747,74.8,-160.0,29.4
748,160.0,-78.1,31.6
749,-101.1,-77.9,28.0
750,76.1,160.0,30.5
751,75.9,-160.0,29.6
752,160.0,-77.6,32.8
753,-103.1,-78.4,26.5
754,75.3,160.0,29.1
755,76.5,-160.0,30.7
756,160.0,-78.2,31.2
757,-102.1,-79.9,28.5
758,75.6,160.0,29.6
759,78.1,-160.0,30.3
760,160.0,-78.3,29.5
761,-102.9,-79.9,30.6
762,76.6,160.0,29.9
763,79.1,-160.0,30.1
764,160.0,-78.1,30.2
765,-103.1,-80.2,27.5
766,76.3,160.0,27.4
767,79.3,-160.0,30.2
768,160.0,-78.5,29.2
769,-102.4,-79.6,31.0
770,78.0,160.0,30.3
771,79.7,-160.0,29.8
772,160.0,-78.3,31.5
773,-102.4,-79.9,28.1
774,77.7,160.0,29.1
775,80.0,-160.0,30.6
776,160.0,-78.2,33.2
777,-102.6,-80.0,25.8
778,78.5,160.0,28.2
779,81.1,-160.0,31.3
780,160.0,-78.2,33.4
781,-101.5,-80.1,25.5
782,79.4,160.0,29.5
783,82.2,-160.0,30.3
784,160.0,-78.3,33.6
785,-102.8,-79.9,25.3
786,79.6,160.0,29.5
787,82.0,-160.0,30.3
788,160.0,-78.8,33.6
789,-102.3,-79.3,25.2
790,81.6,160.0,29.4
791,82.3,-160.0,30.4
792,160.0,-79.1,33.5
793,-101.5,-78.9,23.0
794,83.2,160.0,28.9
795,82.9,-160.0,29.1
796,160.0,-79.3,32.7
797,-102.4,-78.6,26.4
798,81.7,160.0,32.5
799,80.5,-160.0,28.2
800,160.0,-79.3,28.4
801,-103.3,-78.6,29.8
802,80.6,160.0,30.0
803,79.6,-160.0,28.3
804,160.0,-80.3,26.8
805,-102.8,-79.7,34.3
806,80.6,160.0,31.0
807,79.6,-160.0,29.3
808,160.0,-80.3,27.1
809,-102.6,-79.6,33.8
810,80.6,160.0,29.3
811,79.5,-160.0,30.5
812,160.0,-80.5,29.6
813,-103.1,-79.3,30.5
814,81.0,160.0,26.2
815,79.3,-160.0,32.7
816,160.0,-80.3,32.4
817,-102.9,-79.7,26.8
818,80.6,160.0,25.4
819,79.6,-160.0,33.3
820,160.0,-80.4,29.7
821,-102.1,-79.5,30.4
822,80.7,160.0,29.6
823,79.5,-160.0,30.3
824,160.0,-80.8,28.6
825,-102.7,-78.9,31.9
826,81.6,160.0,30.6
827,78.8,-160.0,29.6
828,160.0,-81.0,31.6
829,-102.0,-78.7,27.9
830,83.1,160.0,27.7
831,79.6,-160.0,31.6
832,160.0,-80.9,33.8
833,-102.7,-78.8,25.0
834,81.9,160.0,28.5
835,78.6,-160.0,31.1
836,160.0,-80.1,29.6
837,-103.1,-77.6,28.3
838,82.2,160.0,29.6
839,78.4,-160.0,28.5
840,160.0,-81.2,27.9
841,-103.4,-78.4,32.8
842,82.4,160.0,31.8
843,78.3,-160.0,28.7
844,160.0,-81.0,29.0
845,-102.2,-78.7,31.4
846,82.0,160.0,28.6
847,78.6,-160.0,31.0
848,160.0,-79.9,29.9
849,-101.1,-77.9,27.9
850,82.8,160.0,27.6
851,79.7,-160.0,30.0
852,160.0,-80.1,31.9
853,-103.1,-77.5,27.5
854,81.3,160.0,28.7
855,77.3,-160.0,30.9
856,160.0,-80.4,27.8
857,-103.0,-77.2,30.6
858,81.7,160.0,28.2
859,77.1,-160.0,29.5
860,160.0,-80.5,26.8
861,-102.6,-77.1,31.8
862,82.0,160.0,27.9
863,76.8,-160.0,29.8
864,160.0,-80.3,30.0
865,-103.6,-77.3,30.0
866,80.6,160.0,28.5
867,76.1,-160.0,31.1
868,160.0,-80.2,26.7
869,-103.4,-77.5,34.3
870,80.2,160.0,28.1
871,76.4,-160.0,31.4
872,160.0,-78.9,28.5
873,-102.7,-76.8,31.9
874,79.7,160.0,25.1
875,76.7,-160.0,33.6
876,160.0,-78.6,28.2
877,-103.2,-77.2,30.0
878,79.2,160.0,24.3
879,77.1,-160.0,32.4
880,160.0,-77.6,30.4
881,-103.0,-76.2,29.5
882,80.3,160.0,25.1
883,78.1,-160.0,33.5
884,160.0,-76.7,31.0
885,-101.1,-75.1,26.4
886,81.5,160.0,24.6
887,78.9,-160.0,32.3
888,160.0,-77.3,32.5
889,-102.5,-74.3,24.5
890,81.5,160.0,27.6
891,77.1,-160.0,30.1
892,160.0,-76.9,30.2
893,-102.3,-72.6,27.5
894,82.8,160.0,26.9
895,76.3,-160.0,30.5
896,160.0,-76.6,27.7
897,-101.9,-70.7,30.6
898,83.9,160.0,29.4
899,75.2,-160.0,28.7
900,160.0,-75.8,27.1
901,-102.5,-69.3,31.4
902,84.6,160.0,26.4
903,74.9,-160.0,30.9
904,160.0,-74.9,28.1
905,-103.0,-68.2,30.1
906,83.9,160.0,24.6
907,73.7,-160.0,32.2
908,160.0,-73.8,28.2
909,-102.2,-67.5,30.0
910,83.5,160.0,25.4
911,73.9,-160.0,31.7
912,160.0,-72.7,28.2
913,-101.3,-66.6,30.1
914,84.0,160.0,25.3
915,75.1,-160.0,31.9
916,160.0,-70.3,29.3
917,-102.4,-65.1,28.6
918,82.2,160.0,25.3
919,74.6,-160.0,32.0
920,160.0,-69.6,27.4
921,-100.5,-63.7,31.0
922,83.8,160.0,27.1
923,75.2,-160.0,30.6
924,160.0,-67.5,30.3
925,-101.3,-61.8,27.3
926,83.9,160.0,24.7
927,75.2,-160.0,32.3
928,160.0,-66.3,31.7
929,-100.1,-61.0,27.8
930,84.5,160.0,26.0
931,76.4,-160.0,33.2
932,160.0,-64.1,31.7
933,-99.0,-59.4,25.5
934,84.0,160.0,25.0
935,76.7,-160.0,32.2
936,160.0,-62.0,32.0
937,-97.9,-57.4,25.1
938,84.9,160.0,25.9
939,77.7,-160.0,31.6
940,160.0,-60.5,30.6
941,-97.3,-54.9,27.0
942,84.7,160.0,27.8
943,76.1,-160.0,30.0
944,160.0,-58.5,28.7
945,-20.5,-54.2,29.2
946,84.7,160.0,27.2
947,76.0,-160.0,30.5
948,160.0,-56.3,29.2
949,50.2,-53.5,30.2
950,83.4,160.0,30.2
951,75.3,-160.0,29.9
952,160.0,-54.0,27.0
953,53.3,-51.7,29.4
954,81.6,160.0,28.7
955,74.9,-160.0,29.3
956,160.0,-51.9,26.4
957,55.8,-49.7,30.6
958,82.4,160.0,28.3
959,76.0,-160.0,31.5
960,160.0,-49.7,28.7
961,54.8,-47.7,30.2
962,82.3,160.0,28.0
963,76.2,-160.0,31.7
964,160.0,-47.8,29.0
965,55.0,-45.7,30.2
966,82.2,160.0,27.6
967,76.1,-160.0,32.2
968,160.0,-45.5,30.0
969,54.0,-43.7,28.8
970,81.8,160.0,28.1
971,76.5,-160.0,29.8
972,160.0,-43.7,29.3
973,53.5,-41.7,28.9
974,82.0,160.0,27.3
975,76.2,-160.0,30.6
976,160.0,-41.6,30.7
977,53.8,-39.7,28.7
978,81.9,160.0,28.7
979,76.3,-160.0,29.3
980,160.0,-38.8,30.0
981,55.6,-36.7,28.8
982,83.4,160.0,27.5
983,76.9,-160.0,30.4
984,160.0,-35.9,31.9
985,57.4,-33.7,28.5
986,84.7,160.0,32.4
987,77.7,-160.0,25.9
988,160.0,-33.9,31.9
989,56.7,-31.7,28.5
990,84.4,160.0,34.5
991,77.8,-160.0,23.8
992,160.0,-31.0,30.9
993,57.2,-28.7,28.7
994,84.7,160.0,37.1
995,77.6,-160.0,21.6
996,160.0,-31.5,30.0
997,53.8,-28.6,30.0
998,82.9,160.0,37.7
999,73.7,-160.0,23.1
1000,160.0,-30.3,26.3
1001,53.0,-27.6,30.7
1002,82.5,160.0,28.4
1003,74.0,-160.0,31.4
1004,160.0,-28.0,25.9
1005,51.1,-26.8,30.8
1006,78.7,160.0,25.1
1007,75.3,-160.0,34.9
1008,160.0,-25.8,24.5
1009,51.1,-24.8,29.9
1010,79.1,160.0,18.9
1011,76.9,-160.0,39.8
1012,160.0,-24.9,27.9
1013,41.9,-23.8,29.3
1014,79.5,160.0,22.4
1015,76.4,-160.0,36.0
1016,160.0,-22.5,28.7
1017,-88.5,-19.2,29.4
1018,81.7,160.0,23.5
1019,76.2,-160.0,34.7
1020,160.0,-19.9,29.6
1021,-97.4,-17.8,26.0
1022,80.7,160.0,26.1
1023,77.3,-160.0,30.0
1024,160.0,-19.5,29.8
1025,-98.4,-16.1,25.7
1026,81.7,160.0,27.5
1027,76.2,-160.0,28.5
1028,160.0,-17.9,27.8
1029,-99.1,-13.5,28.3
1030,82.5,160.0,25.1
1031,75.3,-160.0,31.0
1032,160.0,-15.6,28.6
1033,-98.8,-11.9,27.3
1034,83.1,160.0,28.2
1035,76.9,-160.0,27.8
1036,160.0,-12.2,29.3
1037,-100.2,-9.4,28.6
1038,82.2,160.0,32.5
1039,77.7,-160.0,25.4
1040,160.0,-10.4,29.8
1041,-100.5,-7.1,27.9
1042,82.8,160.0,35.1
1043,77.3,-160.0,23.0
1044,160.0,-7.5,31.7
1045,-99.7,-4.0,27.8
1046,83.9,160.0,39.6
1047,78.2,-160.0,20.5
1048,160.0,-4.4,32.4
1049,-99.7,-1.1,29.1
1050,84.8,160.0,39.9
1051,79.2,-160.0,22.1
1052,160.0,-2.3,36.3
1053,-100.0,0.7,26.3
1054,83.9,160.0,50.3
1055,80.1,-160.0,12.9
1056,160.0,-0.8,35.2
1057,-99.7,1.1,25.5
1058,83.0,160.0,50.9
1059,81.0,-160.0,11.5
1060,160.0,-0.5,32.5
1061,-99.4,0.7,29.0
1062,82.9,160.0,42.5
1063,81.0,-160.0,18.8
1064,160.0,-0.8,30.7
1065,-100.7,1.1,29.1
1066,81.5,160.0,39.2
1067,78.4,-160.0,20.0
1068,160.0,-2.3,25.6
1069,-100.8,0.6,33.4
1070,81.2,160.0,26.9
1071,76.6,-160.0,31.4
1072,160.0,-3.3,25.0
1073,-100.8,2.0,34.2
1074,83.1,160.0,21.5
1075,74.6,-160.0,37.1
1076,160.0,-5.1,24.8
1077,-100.5,4.3,34.4
1078,86.8,160.0,19.3
1079,71.1,-160.0,38.9
1080,160.0,-6.9,28.5
1081,-101.5,6.7,32.0
1082,89.4,160.0,25.3
1083,66.2,-160.0,34.9
1084,160.0,-7.7,28.8
1085,-99.5,10.0,31.6
1086,93.7,160.0,29.5
1087,63.5,-160.0,30.5
1088,160.0,-9.7,30.1
1089,-100.2,12.5,29.9
1090,97.0,160.0,34.8
1091,59.4,-160.0,24.7
1092,160.0,-10.5,30.9
1093,-98.7,13.6,31.1
1094,96.6,160.0,37.2
1095,57.8,-160.0,23.6
1096,160.0,-9.9,30.3
1097,-99.1,15.1,29.6
1098,96.6,160.0,36.9
1099,56.9,-160.0,21.4
1100,160.0,-6.7,30.0
1101,-99.5,18.0,30.0
1102,98.1,160.0,39.7
1103,58.4,-160.0,18.4
1104,160.0,-6.6,29.9
1105,-99.3,17.9,30.1
1106,97.2,160.0,39.5
1107,58.6,-160.0,18.2
1108,160.0,-6.5,30.2
1109,-98.7,17.6,29.8
1110,97.4,160.0,40.9
1111,59.1,-160.0,16.9
1112,160.0,-6.0,28.1
1113,-99.7,17.2,30.1
1114,96.1,160.0,35.2
1115,59.7,-160.0,21.2
1116,160.0,-6.6,29.2
1117,-99.2,15.5,28.8
1118,95.2,160.0,32.1
1119,60.5,-160.0,25.1
1120,160.0,-6.9,29.4
1121,-98.0,13.5,28.5
1122,95.8,160.0,29.1
1123,61.9,-160.0,28.9
1124,160.0,-6.1,29.6
1125,-99.2,12.5,28.2
1126,93.6,160.0,27.5
1127,63.6,-160.0,30.8
1128,160.0,-6.1,28.0
1129,-99.8,10.2,30.3
1130,91.8,160.0,25.9
1131,64.6,-160.0,32.5
1132,160.0,-6.5,27.7
1133,-99.9,8.5,30.6
1134,90.9,160.0,25.7
1135,65.9,-160.0,32.7
1136,160.0,-5.9,28.9
1137,-100.4,7.7,29.2
1138,89.9,160.0,27.6
1139,67.0,-160.0,30.6
1140,160.0,-4.9,29.6
1141,-100.8,6.4,28.2
1142,88.7,160.0,29.5
1143,69.1,-160.0,28.5
1144,160.0,-2.8,31.0
1145,-99.6,3.7,28.7
1146,85.7,160.0,30.9
1147,74.3,-160.0,29.1
1148,160.0,-1.0,30.0
1149,-100.3,1.3,27.7
1150,81.9,160.0,28.6
1151,78.0,-160.0,29.4
1152,160.0,0.1,30.0
1153,-100.0,-0.1,27.7
1154,79.8,160.0,27.3
1155,80.2,-160.0,30.8
1156,160.0,-0.4,29.8
1157,-101.6,-1.8,28.0
1158,77.9,160.0,26.5
1159,80.2,-160.0,31.7
1160,160.0,0.0,30.4
1161,-100.9,-2.3,29.4
1162,77.2,160.0,26.7
1163,81.0,-160.0,33.8
1164,160.0,-0.7,30.4
1165,-101.2,-3.7,29.5
1166,76.7,160.0,25.8
1167,81.6,-160.0,34.7
1168,160.0,-0.4,30.1
1169,-101.4,-4.0,29.9
1170,76.3,160.0,25.3
1171,82.1,-160.0,35.3
1172,160.0,-0.4,30.4
1173,-101.8,-4.2,29.5
1174,76.1,160.0,26.1
1175,82.3,-160.0,34.4
1176,160.0,-0.5,30.5
1177,-100.8,-4.0,29.3
1178,76.5,160.0,27.6
1179,82.0,-160.0,32.9
1180,160.0,-0.6,30.5
1181,-101.5,-3.8,29.3
1182,75.6,160.0,27.8
1183,80.8,-160.0,32.6
1184,160.0,-0.0,30.1
1185,-101.5,-2.3,29.8
1186,76.3,160.0,27.6
1187,80.0,-160.0,32.9
1188,160.0,-0.4,29.7
1189,-101.3,-1.7,28.1
1190,77.0,160.0,27.8
1191,79.1,-160.0,30.4
1192,160.0,-1.1,31.3
1193,-100.9,-0.9,28.3
1194,78.2,160.0,29.4
1195,77.8,-160.0,30.7
1196,160.0,-1.2,31.6
1197,-101.8,-0.7,27.9
1198,77.4,160.0,30.3
1199,76.6,-160.0,29.7
1200,160.0,0.0,31.7
1201,-101.9,-0.0,27.8
1202,77.0,160.0,29.4
1203,77.0,-160.0,30.7
1204,160.0,0.5,31.7
1205,-101.7,-0.6,27.8
1206,75.2,160.0,29.4
1207,76.9,-160.0,30.7
1208,160.0,0.9,32.0
1209,-100.6,-1.1,27.5
1210,74.5,160.0,30.1
1211,77.8,-160.0,29.8
1212,160.0,1.1,32.1
1213,-101.4,-1.4,27.4
1214,73.4,160.0,31.5
1215,77.2,-160.0,28.0
1216,160.0,1.2,32.1
1217,-101.6,-1.5,27.4
1218,72.3,160.0,32.4
1219,76.4,-160.0,26.7
1220,160.0,1.3,32.0
1221,-102.4,-1.5,27.5
1222,71.3,160.0,31.7
1223,75.4,-160.0,27.6
1224,160.0,1.2,30.4
1225,-102.2,-1.5,27.3
1226,70.3,160.0,30.0
1227,74.4,-160.0,27.6
1228,160.0,0.9,30.7
1229,-102.2,-1.1,26.9
1230,69.8,160.0,28.7
1231,72.8,-160.0,29.5
1232,160.0,0.5,30.6
1233,-102.6,-0.5,27.1
1234,68.4,160.0,28.1
1235,69.9,-160.0,30.4
1236,160.0,-0.3,30.7
1237,-102.1,0.4,27.1
1238,68.4,160.0,27.7
1239,67.4,-160.0,31.0
1240,160.0,-1.3,30.7
1241,-101.8,1.4,27.0
1242,68.6,160.0,27.8
1243,64.6,-160.0,30.8
1244,160.0,-1.9,30.8
1245,-101.8,2.1,27.0
1246,67.3,160.0,27.5
1247,61.6,-160.0,31.3
1248,160.0,-2.1,31.1
1249,-102.1,2.3,26.8
1250,66.5,160.0,28.2
1251,60.1,-160.0,30.3
1252,160.0,-1.9,31.3
1253,-101.9,2.1,26.6
1254,64.2,160.0,28.9
1255,58.5,-160.0,29.1
1256,160.0,-1.2,30.9
1257,-102.3,1.3,27.1
1258,61.3,160.0,29.7
1259,57.8,-160.0,27.9
1260,160.0,-0.4,30.3
1261,-102.6,0.5,27.7
1262,58.5,160.0,30.0
1263,57.2,-160.0,27.3
1264,160.0,0.4,29.9
1265,-101.6,-0.4,30.1
1266,56.6,160.0,30.3
1267,57.4,-160.0,29.7
1268,160.0,2.5,33.6
1269,-102.4,-0.5,28.5
1270,53.4,160.0,33.5
1271,55.4,-38.0,30.4
1272,160.0,4.5,33.2
1273,-99.8,-0.4,27.0
1274,51.4,160.0,32.8
1275,54.5,-28.7,29.5
1276,160.0,3.8,33.9
1277,-100.3,-1.6,26.4
1278,48.1,160.0,34.8
1279,51.5,-27.0,29.2
1280,160.0,2.3,30.5
1281,-101.2,-2.1,27.6
1282,45.8,160.0,29.1
1283,48.4,-26.9,29.0
1284,160.0,0.3,27.3
1285,-100.5,-2.1,28.6
1286,44.8,159.4,24.6
1287,46.2,-26.6,28.5
1288,160.0,0.7,26.2
1289,-100.5,-0.6,29.5
1290,43.3,160.0,24.6
1291,44.1,-25.2,28.5
1292,160.0,0.1,26.5
1293,-100.0,-0.1,31.1
1294,41.9,160.0,26.4
1295,42.0,-24.8,29.4
1296,160.0,-1.3,28.4
1297,-101.1,-0.7,31.3
1298,39.3,160.0,29.3
1299,38.9,-27.2,30.1
1300,160.0,-0.7,28.4
1301,-100.8,0.5,31.2
1302,37.6,160.0,27.8
1303,36.9,-27.1,30.4
1304,160.0,-1.9,30.5
1305,-100.2,-0.3,29.6
1306,35.8,160.0,28.1
1307,34.8,-32.9,30.4
1308,160.0,-2.6,30.8
1309,-100.2,0.2,29.4
1310,34.4,160.0,29.6
1311,32.0,-118.3,30.3
1312,160.0,-3.0,30.8
1313,-99.3,0.4,29.4
1314,32.7,160.0,28.8
1315,28.2,-160.0,32.0
1316,160.0,-3.1,29.9
1317,-99.2,0.5,28.4
1318,30.9,160.0,28.1
1319,25.9,-160.0,30.5
1320,160.0,-3.6,28.5
1321,-100.5,0.7,29.3
1322,28.3,160.0,26.7
1323,22.3,-160.0,32.7
1324,160.0,-3.3,27.6
1325,-99.5,2.1,29.9
1326,27.8,160.0,26.9
1327,20.5,-160.0,32.5
1328,160.0,-2.0,27.6
1329,-99.3,2.9,29.9
1330,25.6,160.0,30.9
1331,18.8,-160.0,25.9
1332,160.0,-1.8,29.4
1333,-98.1,2.7,28.7
1334,24.4,160.0,34.3
1335,18.2,-160.0,20.5
1336,160.0,-0.8,29.7
1337,-98.0,3.6,28.6
1338,22.3,160.0,35.5
1339,16.3,-160.0,18.5
1340,160.0,-0.4,29.0
1341,-97.9,3.4,29.0
1342,20.0,160.0,34.4
1343,14.8,-160.0,20.4
1344,160.0,-1.8,28.6
1345,-98.8,1.0,30.8
1346,16.5,160.0,33.6
1347,12.6,-160.0,24.3
1348,160.0,-1.8,26.3
1349,-98.4,-0.5,33.6
1350,13.6,160.0,26.9
1351,12.1,-160.0,37.6
1352,160.0,-2.1,24.0
1353,-98.9,-1.9,33.2
1354,10.9,160.0,22.8
1355,11.2,-160.0,41.4
1356,160.0,-1.5,23.5
1357,-99.4,-2.3,33.4
1358,8.4,160.0,22.5
1359,10.0,-160.0,41.9
1360,160.0,-1.4,24.9
1361,-98.6,-2.3,32.6
1362,7.4,160.0,24.1
1363,9.0,-160.0,39.3
1364,160.0,-0.5,26.4
1365,-97.7,-1.3,31.8
1366,6.6,160.0,28.7
1367,7.7,-160.0,32.1
1368,160.0,-0.6,26.6
1369,-97.6,-1.2,30.2
1370,5.7,160.0,30.9
1371,6.5,-160.0,26.1
1372,160.0,0.3,28.2
1373,-96.9,-0.1,29.4
1374,4.8,160.0,31.5
1375,5.3,-160.0,25.0
1376,160.0,0.1,28.0
1377,-97.1,-0.0,29.5
1378,3.9,160.0,31.3
1379,4.1,-160.0,25.3
1380,160.0,0.2,27.3
1381,-96.6,-0.1,29.8
1382,3.9,160.0,30.9
1383,4.2,-160.0,25.9
1384,160.0,0.7,26.5
1385,-96.5,-0.3,30.2
1386,2.5,160.0,30.0
1387,3.8,-160.0,27.5
1388,160.0,1.2,26.0
1389,-97.0,-0.5,30.4
1390,1.1,160.0,30.5
1391,3.5,-160.0,26.6
1392,160.0,1.2,26.4
1393,-96.1,-0.6,30.2
1394,1.0,160.0,28.5
1395,3.5,-160.0,29.8
1396,160.0,1.5,27.3
1397,-96.7,-0.7,29.8
1398,-0.1,160.0,29.9
1399,2.8,-160.0,27.5
1400,160.0,2.2,28.0
1401,-95.8,-1.0,30.9
1402,-0.7,160.0,31.4
1403,3.7,-160.0,27.8
1404,160.0,3.1,28.4
1405,-96.7,-1.4,30.7
1406,-2.4,160.0,30.6
1407,3.8,-160.0,29.1
1408,160.0,3.3,28.8
1409,-95.9,-1.5,30.5
1410,-2.6,160.0,29.7
1411,4.1,-160.0,30.5
1412,160.0,3.1,27.9
1413,-95.9,-1.3,29.5
1414,-2.3,160.0,29.3
1415,3.8,-160.0,28.5
1416,160.0,1.7,29.0
1417,-95.5,-0.8,30.4
1418,-1.3,160.0,31.1
1419,2.1,-160.0,28.3
1420,160.0,0.3,28.5
1421,-95.5,-0.1,29.2
1422,-0.2,160.0,28.3
1423,0.3,-160.0,30.2
1424,160.0,-1.7,30.0
1425,-95.0,0.7,30.0
1426,1.3,160.0,28.0
1427,-2.1,-160.0,33.2
1428,160.0,-3.2,28.4
1429,-95.0,1.4,29.3
1430,2.5,160.0,27.4
1431,-3.9,-160.0,31.5
1432,160.0,-4.3,28.0
1433,-95.1,1.9,29.5
1434,3.3,160.0,28.0
1435,-5.2,-160.0,30.6
1436,160.0,-4.8,28.2
1437,-94.7,2.1,29.4
1438,3.7,160.0,28.4
1439,-5.8,-160.0,29.9
1440,160.0,-4.6,28.3
1441,-95.1,2.0,29.3
1442,3.6,160.0,29.0
1443,-5.6,-160.0,29.1
1444,160.0,-4.2,28.0
1445,-95.2,1.8,29.4
1446,3.2,160.0,29.0
1447,-5.1,-160.0,29.0
1448,160.0,-3.6,28.0
1449,-95.1,1.6,29.4
1450,2.8,160.0,28.7
1451,-4.4,-160.0,29.5
1452,160.0,-2.3,30.3
1453,-95.3,2.4,29.9
1454,2.5,160.0,31.3
1455,-4.0,-160.0,27.9
1456,160.0,-2.2,31.4
1457,-95.5,2.4,29.4
1458,2.4,160.0,32.7
1459,-3.8,-160.0,25.7
1460,160.0,-3.9,32.4
1461,-95.3,1.7,28.9
1462,3.0,160.0,32.5
1463,-4.8,-160.0,26.0
1464,160.0,-4.7,33.2
1465,-95.4,2.0,30.0
1466,3.6,160.0,32.2
1467,-5.7,-160.0,29.2
1468,160.0,-4.9,34.0
1469,-95.9,2.1,31.1
1470,3.8,160.0,31.6
1471,-6.0,-160.0,32.7
1472,160.0,-4.4,34.9
1473,-96.5,1.9,33.6
1474,3.4,160.0,32.0
1475,-5.3,-160.0,37.2
1476,160.0,-3.2,34.9
1477,-96.7,1.4,35.1
1478,2.5,160.0,32.1
1479,-3.9,-160.0,39.6
1480,160.0,-1.6,36.1
1481,-97.2,0.7,37.4
1482,1.2,160.0,34.6
1483,-1.9,-160.0,40.7
1484,160.0,-0.1,36.9
1485,-97.8,0.0,38.5
1486,0.1,160.0,36.1
1487,-0.1,-160.0,41.0
1488,160.0,-0.3,38.7
1489,-98.4,-2.7,40.6
1490,-1.3,160.0,37.8
1491,2.0,-160.0,43.4
1492,160.0,0.1,40.3
1493,-98.6,-3.0,41.3
1494,-1.7,160.0,35.5
1495,2.6,-160.0,49.6
1496,160.0,1.5,39.7
1497,-98.9,-2.1,41.6
1498,-1.9,160.0,36.9
1499,3.1,-160.0,47.5
1500,160.0,2.5,39.4
1501,-98.9,-1.1,40.3
1502,-1.9,160.0,39.9
1503,3.0,-160.0,40.2
1504,160.0,3.2,39.3
1505,-98.9,0.0,40.3
1506,-1.7,160.0,42.2
1507,2.7,-160.0,36.5
1508,160.0,4.3,40.1
1509,-98.7,-0.5,39.9
1510,-2.5,160.0,47.3
1511,4.0,-160.0,28.2
1512,160.0,4.5,42.4
1513,-98.7,-0.6,40.4
1514,-2.7,160.0,47.0
1515,4.4,-160.0,31.3
1516,160.0,5.3,43.3
1517,-98.7,0.5,40.0
1518,-2.6,160.0,45.6
1519,4.2,-160.0,33.5
1520,160.0,5.1,42.1
1521,-98.4,-0.8,40.5
1522,-3.1,160.0,45.5
1523,5.1,-160.0,33.7
1524,160.0,4.7,40.8
1525,-98.5,-0.7,39.6
1526,-2.8,160.0,41.3
1527,4.6,-160.0,37.9
1528,160.0,4.8,39.5
1529,-98.7,-0.7,40.2
1530,-2.9,160.0,41.3
1531,4.6,-160.0,37.9
1532,160.0,3.8,39.7
1533,-98.8,-1.7,40.1
1534,-2.9,160.0,40.4
1535,4.7,-160.0,39.4
1536,160.0,4.2,38.1
1537,-98.7,-1.9,39.4
1538,-3.2,160.0,37.8
1539,5.1,-160.0,40.9
1540,160.0,3.1,39.7
1541,-99.0,-2.9,40.1
1542,-3.2,160.0,37.6
1543,5.1,-160.0,43.9
1544,160.0,4.0,39.0
1545,-98.8,-3.3,40.5
1546,-3.9,160.0,38.3
1547,6.1,-160.0,42.6
1548,160.0,5.1,38.5
1549,-99.0,-3.7,39.2
1550,-4.7,160.0,39.5
1551,7.4,-160.0,38.1
1552,160.0,4.9,38.4
1553,-99.3,-5.1,39.3
1554,-5.3,160.0,40.9
1555,8.3,-160.0,36.0
1556,160.0,4.6,38.7
1557,-99.2,-6.4,37.7
1558,-5.9,160.0,38.5
1559,9.2,-160.0,37.2
1560,160.0,5.8,39.2
1561,-99.2,-5.5,38.9
1562,-6.0,160.0,39.3
1563,9.3,-160.0,38.5
1564,160.0,5.3,38.2
1565,-99.6,-6.7,39.4
1566,-6.4,160.0,40.8
1567,10.0,-160.0,36.2
1568,160.0,5.0,38.8
1569,-99.9,-6.6,39.1
1570,-6.3,160.0,41.4
1571,9.7,-160.0,35.3
1572,160.0,5.8,39.3
1573,-100.2,-7.0,37.4
1574,-6.9,160.0,41.5
1575,10.6,-160.0,32.6
1576,160.0,6.8,40.3
1577,-100.7,-7.5,36.9
1578,-7.7,160.0,43.6
1579,11.8,-160.0,29.4
1580,160.0,5.0,40.4
1581,-100.7,-11.0,35.5
1582,-8.8,160.0,43.4
1583,13.2,-160.0,27.4
1584,160.0,4.5,40.7
1585,-100.9,-12.3,36.8
1586,-9.3,160.0,40.2
1587,13.7,-160.0,34.7
1588,160.0,2.7,39.2
1589,-101.5,-14.4,37.4
1590,-9.4,160.0,38.1
1591,13.8,-160.0,37.9
1592,160.0,1.6,37.3
1593,-100.9,-15.3,38.3
1594,-9.3,160.0,36.1
1595,13.6,-160.0,40.7
1596,160.0,-0.9,36.5
1597,-101.3,-15.7,38.7
1598,-8.3,160.0,36.3
1599,11.9,-160.0,40.4
1600,160.0,-3.3,36.2
1601,-100.9,-16.0,38.8
1602,-7.2,160.0,38.8
1603,10.2,-160.0,36.9
1604,160.0,-7.0,37.1
1605,-101.0,-17.2,38.4
1606,-5.8,160.0,42.0
1607,8.2,-160.0,32.4
1608,160.0,-10.7,38.3
1609,-100.8,-18.4,37.9
1610,-4.4,160.0,41.3
1611,6.1,-160.0,33.4
1612,160.0,-13.1,37.6
1613,-99.9,-18.8,36.7
1614,-3.3,160.0,39.6
1615,4.4,-160.0,33.4
1616,160.0,-16.9,38.2
1617,-99.9,-20.0,36.5
1618,-1.8,160.0,39.1
1619,2.4,-160.0,34.2
1620,160.0,-21.3,38.6
1621,-99.6,-20.9,36.3
1622,0.2,160.0,38.0
1623,-0.3,-160.0,35.7
1624,160.0,-25.2,37.7
1625,-99.0,-22.0,36.7
1626,1.9,160.0,36.7
1627,-2.5,-160.0,37.3
1628,160.0,-28.1,38.5
1629,-99.0,-23.6,36.3
1630,2.8,160.0,35.3
1631,-3.6,-160.0,39.2
1632,63.6,-28.2,37.1
1633,-98.4,-25.1,36.8
1634,3.7,160.0,36.8
1635,-4.6,-160.0,37.2
1636,44.4,-30.2,36.9
1637,-97.7,-26.4,37.3
1638,5.2,160.0,36.0
1639,-6.4,-160.0,38.3
1640,40.1,-32.5,36.9
1641,-97.2,-27.5,37.3
1642,7.2,160.0,35.4
1643,-8.7,-160.0,38.9
1644,39.0,-33.6,36.6
1645,-96.7,-27.9,38.0
1646,8.4,160.0,36.8
1647,-10.0,-160.0,37.2
1648,38.6,-35.7,36.4
1649,-96.2,-29.7,38.4
1650,9.0,160.0,37.4
1651,-10.5,-160.0,36.6
1652,38.3,-37.4,36.6
1653,-95.1,-32.5,37.9
1654,7.4,160.0,39.4
1655,-8.5,-160.0,34.2
1656,38.4,-38.1,36.8
1657,-94.9,-34.2,37.6
1658,6.1,160.0,39.9
1659,-6.9,-160.0,33.7
1660,38.4,-39.8,36.8
1661,-94.5,-37.0,37.4
1662,4.3,160.0,40.7
1663,-4.8,-160.0,32.9
1664,39.3,-41.6,36.8
1665,-94.5,-39.6,37.4
1666,3.2,160.0,40.3
1667,-3.5,-160.0,33.4
1668,39.6,-44.4,37.0
1669,-93.8,-43.0,36.9
1670,2.3,160.0,40.2
1671,-2.4,-160.0,33.6
1672,40.3,-46.3,36.9
1673,-94.1,-45.3,37.3
1674,1.5,160.0,37.3
1675,-1.6,-160.0,36.7
1676,40.7,-48.3,37.3
1677,-94.1,-47.2,36.3
1678,1.7,160.0,38.9
1679,-1.8,-160.0,35.0
1680,40.5,-50.3,37.4
1681,-94.4,-49.3,36.0
1682,1.7,160.0,38.5
1683,-1.7,-160.0,35.5
1684,39.7,-52.3,37.4
1685,-94.7,-51.3,36.0
1686,1.5,160.0,36.6
1687,-1.5,-160.0,37.4
1688,40.1,-54.2,37.8
1689,-95.5,-53.4,38.5
1690,1.3,160.0,37.3
1691,-1.3,-160.0,38.7
1692,40.5,-57.1,37.8
1693,-96.8,-56.7,38.6
1694,0.8,160.0,36.0
1695,-0.7,-160.0,39.9
1696,41.8,-59.2,37.5
1697,-98.0,-58.6,39.1
1698,0.8,160.0,34.7
1699,-0.7,-160.0,41.1
1700,45.0,-59.9,37.8
1701,-98.6,-60.1,38.4
1702,-0.3,160.0,35.2
1703,0.3,-160.0,40.5
1704,68.6,-61.9,38.8
1705,-98.0,-62.2,36.8
1706,0.5,160.0,36.6
1707,1.4,-160.0,39.2
1708,160.0,-64.5,41.1
1709,-98.5,-63.8,36.6
1710,1.6,160.0,35.6
1711,0.5,-160.0,40.1
1712,160.0,-66.0,42.2
1713,-98.7,-64.5,36.1
1714,2.1,160.0,36.9
1715,0.0,-160.0,39.0
1716,160.0,-67.9,42.1
1717,-99.1,-66.6,36.1
1718,2.0,160.0,36.5
1719,0.1,-160.0,39.3
1720,160.0,-68.5,41.3
1721,-99.5,-67.8,36.5
1722,0.5,160.0,37.5
1723,-0.5,-160.0,38.4
1724,160.0,-67.8,39.0
1725,-99.9,-69.5,37.5
1726,-1.3,160.0,38.2
1727,1.1,-160.0,37.8
1728,160.0,-67.3,34.5
1729,-99.4,-72.7,39.6
1730,-4.0,160.0,37.0
1731,3.3,-160.0,38.8
1732,160.0,-63.1,35.0
1733,-100.0,-74.6,40.8
1734,-8.6,160.0,35.3
1735,7.0,-160.0,42.0
1736,160.0,-61.4,33.7
1737,-101.4,-78.3,41.4
1738,-13.8,160.0,36.8
1739,9.3,-160.0,40.7
1740,160.0,-59.5,34.8
1741,-101.4,-80.6,40.9
1742,-17.0,160.0,35.4
1743,11.8,-160.0,41.8
1744,160.0,-60.2,38.3
1745,-101.0,-81.7,40.8
1746,-17.4,160.0,36.1
1747,12.1,-160.0,43.1
1748,160.0,-62.6,39.3
1749,-100.6,-82.0,40.3
1750,-16.0,160.0,37.5
1751,10.7,-160.0,42.0
1752,160.0,-65.0,40.6
1753,-101.0,-81.0,41.2
1754,-13.3,160.0,39.8
1755,8.6,-160.0,41.9
1756,160.0,-67.6,39.7
1757,-100.5,-81.2,41.6
1758,-11.5,160.0,40.3
1759,7.1,-160.0,41.6
1760,160.0,-68.5,40.0
1761,-100.7,-82.3,41.4
1762,-11.6,160.0,39.5
1763,7.1,-160.0,42.2
1764,160.0,-68.6,38.6
1765,-100.8,-83.7,42.1
1766,-12.7,160.0,39.1
1767,7.9,-160.0,42.4
1768,160.0,-68.1,39.3
1769,-100.7,-85.3,41.8
1770,-14.4,160.0,39.7
1771,9.2,-160.0,42.0
1772,160.0,-67.2,38.2
1773,-99.8,-85.8,42.3
1774,-14.5,160.0,37.6
1775,11.0,-160.0,43.6
1776,160.0,-68.5,40.4
1777,-99.9,-86.6,41.3
1778,-14.2,160.0,37.8
1779,10.6,-160.0,43.4
1780,160.0,-69.4,41.5
1781,-100.2,-86.3,40.8
1782,-13.2,160.0,35.9
1783,9.9,-160.0,44.8
1784,160.0,-71.1,42.5
1785,-100.5,-87.0,40.3
1786,-12.5,160.0,34.8
1787,9.2,-160.0,45.6
1788,160.0,-69.9,41.5
1789,-100.0,-86.0,39.3
1790,-11.6,160.0,32.4
1791,10.3,-160.0,45.6
1792,160.0,-70.8,45.1
1793,-99.8,-87.1,37.7
1794,-11.8,160.0,37.5
1795,10.4,-160.0,41.8
1796,160.0,-70.4,45.1
1797,-100.4,-87.3,37.6
1798,-12.3,160.0,36.5
1799,10.7,-160.0,42.6
1800,160.0,-70.1,43.7
1801,-100.3,-87.5,38.3
1802,-12.8,160.0,36.7
1803,11.0,-160.0,42.4
1804,160.0,-69.8,43.4
1805,-100.2,-87.6,39.9
1806,-13.1,160.0,38.1
1807,11.3,-160.0,43.2
1808,160.0,-69.9,40.4
1809,-100.9,-87.6,41.3
1810,-14.0,160.0,37.2
1811,10.2,-160.0,43.8
1812,160.0,-71.2,38.6
1813,-100.7,-88.4,42.1
1814,-13.6,160.0,36.9
1815,9.9,-160.0,44.0
1816,160.0,-70.4,36.2
1817,-100.3,-87.3,41.7
1818,-13.4,160.0,34.2
1819,9.8,-160.0,44.2
1820,160.0,-69.9,38.1
1821,-100.4,-87.5,40.8
1822,-13.8,160.0,38.4
1823,10.1,-160.0,41.2
1824,160.0,-69.9,39.3
1825,-100.4,-87.5,40.3
1826,-13.9,160.0,40.2
1827,10.3,-160.0,39.9
1828,160.0,-69.1,40.6
1829,-100.6,-86.4,39.7
1830,-13.6,160.0,40.1
1831,10.0,-160.0,39.9
1832,160.0,-68.9,41.0
1833,-100.5,-85.1,39.5
1834,-12.7,160.0,41.4
1835,9.4,-160.0,39.0
1836,160.0,-71.2,42.2
1837,-100.7,-84.0,37.5
1838,-10.1,160.0,43.0
1839,7.5,-160.0,36.0
1840,160.0,-74.5,42.8
1841,-100.3,-82.5,37.2
1842,-5.3,160.0,40.8
1843,5.7,-160.0,37.6
1844,160.0,-78.1,41.4
1845,-101.6,-80.9,37.9
1846,-2.2,160.0,39.9
1847,1.6,-160.0,38.3
1848,160.0,-81.0,39.7
1849,-102.1,-79.5,40.2
1850,1.2,160.0,38.3
1851,-0.9,-160.0,41.2
1852,160.0,-82.8,37.5
1853,-101.3,-78.7,41.1
1854,3.1,160.0,37.4
1855,-2.3,-160.0,41.9
1856,160.0,-83.2,36.4
1857,-101.1,-78.5,41.6
1858,3.6,160.0,37.1
1859,-2.7,-160.0,42.2
1860,160.0,-81.9,36.4
1861,-99.8,-77.7,41.6
1862,4.2,160.0,36.9
1863,-1.4,-160.0,42.3
1864,160.0,-83.6,38.4
1865,-101.4,-79.8,39.3
1866,2.9,160.0,38.4
1867,-2.2,-160.0,39.4
1868,160.0,-81.2,37.0
1869,-101.6,-79.5,39.9
1870,1.3,160.0,36.7
1871,-1.0,-160.0,40.7
1872,160.0,-78.9,36.5
1873,-101.4,-80.5,40.2
1874,-0.3,160.0,37.8
1875,2.0,-160.0,39.9
1876,160.0,-76.8,36.3
1877,-101.1,-81.5,40.3
1878,-2.7,160.0,37.7
1879,3.8,-160.0,40.0
1880,160.0,-73.9,36.5
1881,-101.5,-82.8,41.6
1882,-5.9,160.0,40.2
1883,6.2,-160.0,39.8
1884,160.0,-70.1,35.9
1885,-100.7,-83.2,41.9
1886,-8.1,160.0,40.5
1887,9.6,-160.0,39.6
1888,160.0,-67.7,36.4
1889,-100.0,-84.3,41.7
1890,-10.0,160.0,40.2
1891,12.8,-160.0,39.9
1892,160.0,-64.7,38.1
1893,-100.0,-84.3,40.9
1894,-11.2,160.0,41.6
1895,15.5,-160.0,38.8
1896,160.0,-64.1,38.0
1897,-100.3,-84.6,39.5
1898,-11.9,160.0,42.6
1899,16.1,-160.0,36.2
1900,160.0,-64.1,38.4
1901,-100.3,-84.7,40.8
1902,-11.0,160.0,42.8
1903,17.2,-160.0,37.9
1904,160.0,-64.9,36.4
1905,-100.5,-84.5,41.8
1906,-9.1,160.0,41.8
1907,17.6,-160.0,38.6
1908,160.0,-65.7,34.8
1909,-100.4,-84.2,41.1
1910,-7.2,160.0,39.1
1911,18.0,-160.0,38.9
1912,160.0,-67.9,35.2
1913,-99.7,-83.1,40.9
1914,-2.7,160.0,39.8
1915,18.0,-160.0,38.4
1916,160.0,-71.6,38.0
1917,-100.8,-81.4,39.5
1918,2.5,160.0,41.6
1919,15.8,-160.0,37.0
1920,160.0,-74.4,39.3
1921,-100.9,-78.4,38.8
1922,8.9,160.0,42.6
1923,14.4,-160.0,36.2
1924,160.0,-77.1,40.3
1925,-101.0,-76.9,38.3
1926,14.1,160.0,44.3
1927,13.9,-160.0,34.9
1928,160.0,-79.1,39.6
1929,-101.5,-75.8,38.7
1930,17.4,160.0,44.7
1931,13.1,-160.0,34.6
1932,160.0,-80.4,38.1
1933,-100.5,-75.1,39.5
1934,21.1,160.0,43.8
1935,13.8,-160.0,35.2
1936,160.0,-81.1,37.0
1937,-100.8,-74.6,40.2
1938,22.9,160.0,42.7
1939,14.2,-160.0,36.1
1940,160.0,-82.9,36.0
1941,-100.9,-75.1,40.7
1942,24.9,160.0,41.7
1943,14.3,-160.0,36.9
1944,160.0,-82.8,34.5
1945,-100.4,-75.1,41.8
1946,26.8,160.0,38.6
1947,16.4,-160.0,39.3
1948,160.0,-82.8,35.3
1949,-99.9,-76.6,41.3
1950,27.7,160.0,37.3
1951,19.4,-160.0,40.3
1952,160.0,-82.5,36.2
1953,-99.8,-76.8,40.8
1954,29.3,160.0,35.8
1955,21.6,-160.0,41.5
1956,160.0,-82.5,36.6
1957,-99.9,-76.7,40.5
1958,31.4,160.0,37.0
1959,23.6,-160.0,40.6
1960,160.0,-82.2,38.5
1961,-99.6,-76.9,41.0
1962,33.0,160.0,38.6
1963,25.9,-160.0,41.1
1964,160.0,-81.2,38.5
1965,-100.9,-77.5,39.3
1966,32.9,160.0,37.0
1967,27.8,-160.0,40.6
1968,160.0,-81.1,37.4
1969,-101.3,-77.6,40.1
1970,34.6,160.0,39.2
1971,30.0,-160.0,38.8
1972,160.0,-81.1,36.9
1973,-99.9,-77.5,40.5
1974,37.6,157.4,40.0
1975,32.9,-160.0,38.2
1976,160.0,-81.8,37.3
1977,-101.2,-78.7,40.3
1978,37.6,-18.1,39.2
1979,35.2,-160.0,38.3
1980,160.0,-81.1,39.1
1981,-100.6,-79.2,38.9
1982,39.2,-39.2,38.7
1983,37.9,-160.0,40.3
1984,160.0,-80.5,38.8
1985,-100.4,-79.6,39.1
1986,41.1,-49.2,38.7
1987,40.5,-160.0,41.0
1988,160.0,-79.8,38.5
1989,-100.0,-80.2,39.4
1990,44.0,-54.1,38.7
1991,44.3,-160.0,41.3
1992,160.0,-79.4,38.1
1993,-100.1,-80.5,39.7
1994,45.9,-56.0,38.7
1995,46.6,-160.0,41.1
1996,160.0,-79.4,38.4
1997,-100.6,-80.5,39.5
1998,47.9,-56.1,38.8
1999,48.7,-160.0,40.4
2000,160.0,-79.9,40.1
2001,-99.7,-80.1,38.0
2002,51.0,-56.7,38.8
2003,51.1,-160.0,40.3
2004,160.0,-81.0,40.9
2005,-99.2,-79.1,37.2
2006,53.1,-55.2,39.0
2007,51.9,-160.0,39.4
2008,160.0,-82.5,42.4
2009,-99.4,-77.7,35.8
2010,56.4,-54.2,39.1
2011,53.1,-160.0,38.3
2012,160.0,-83.0,42.1
2013,-99.6,-75.2,36.0
2014,58.7,-49.6,39.4
2015,53.3,-160.0,36.4
2016,160.0,-84.1,41.5
2017,-99.1,-74.0,36.6
2018,61.1,-43.7,39.6
2019,53.8,-160.0,35.7
2020,160.0,-84.1,41.0
2021,-101.5,-73.9,39.0
2022,61.4,-33.2,40.7
2023,53.8,-160.0,36.8
2024,160.0,-83.4,37.6
2025,-99.9,-74.6,42.5
2026,69.0,160.0,43.0
2027,56.5,-160.0,37.6
2028,160.0,-85.0,37.2
2029,-99.9,-74.8,40.8
2030,72.6,160.0,38.1
2031,57.7,-160.0,39.7
2032,160.0,-84.9,39.6
2033,-99.4,-74.8,40.4
2034,74.7,160.0,37.2
2035,59.8,-160.0,42.0
2036,160.0,-84.2,43.8
2037,-100.1,-75.4,33.7
2038,75.6,160.0,33.7
2039,62.4,-160.0,42.8
2040,160.0,-83.8,43.5
2041,-100.7,-75.8,33.9
2042,76.9,160.0,36.9
2043,65.0,-160.0,40.6
2044,160.0,-83.5,43.2
2045,-100.4,-76.0,34.2
2046,78.4,160.0,39.8
2047,67.3,-160.0,38.5
2048,160.0,-81.9,44.0
2049,-100.9,-75.6,33.1
2050,78.6,160.0,39.7
2051,69.0,-160.0,38.5
2052,160.0,-81.9,41.8
2053,-101.6,-75.5,35.6
2054,79.4,160.0,40.9
2055,70.1,-160.0,37.7
2056,160.0,-81.6,42.4
2057,-102.4,-75.9,34.9
2058,79.0,160.0,41.6
2059,70.4,-160.0,37.1
2060,160.0,-81.1,40.4
2061,-103.1,-76.4,37.3
2062,78.1,160.0,39.8
2063,71.0,-160.0,38.4
2064,160.0,-81.2,38.0
2065,-102.7,-76.3,40.3
2066,79.2,160.0,40.7
2067,71.9,-160.0,37.7
2068,160.0,-82.3,40.0
2069,-101.9,-77.1,40.0
2070,80.4,160.0,39.3
2071,72.8,-160.0,40.5
2072,160.0,-82.4,40.5
2073,-101.2,-77.1,39.4
2074,81.8,160.0,37.7
2075,73.7,-160.0,41.6
2076,160.0,-82.3,40.6
2077,-102.0,-77.1,39.2
2078,81.5,160.0,38.8
2079,73.8,-160.0,40.9
2080,160.0,-82.6,41.2
2081,-101.6,-76.7,38.4
2082,83.4,160.0,38.5
2083,74.3,-160.0,41.1
2084,160.0,-82.8,41.7
2085,-101.5,-76.4,37.8
2086,84.6,160.0,40.0
2087,75.0,-160.0,40.0
2088,160.0,-83.2,42.5
2089,-101.7,-75.8,36.8
2090,85.7,160.0,39.9
2091,74.3,-160.0,40.1
2092,160.0,-83.7,42.2
2093,-101.8,-75.3,34.9
2094,86.6,160.0,39.3
2095,73.7,-160.0,38.8
2096,160.0,-84.3,39.8
2097,-100.7,-74.5,37.9
2098,88.9,160.0,40.1
2099,73.8,-160.0,38.2
2100,160.0,-83.2,41.4
2101,-101.3,-73.6,35.8
2102,89.5,160.0,39.2
2103,74.9,-160.0,38.9
2104,160.0,-84.0,43.2
2105,-101.5,-74.8,33.6
2106,88.4,160.0,39.7
2107,74.3,-160.0,38.5
2108,160.0,-84.2,38.7
2109,-101.9,-74.5,39.3
2110,88.6,160.0,40.0
2111,73.9,-160.0,38.3
2112,160.0,-84.0,39.4
2113,-102.4,-74.8,38.5
2114,87.3,160.0,37.0
2115,73.3,-160.0,40.4
2116,160.0,-84.3,35.8
2117,-101.9,-74.6,43.1
2118,86.7,160.0,36.0
2119,71.9,-160.0,41.1
2120,160.0,-85.5,34.9
2121,-102.3,-75.2,44.3
2122,87.1,160.0,36.9
2123,71.6,-160.0,40.5
2124,160.0,-85.5,38.6
2125,-102.2,-75.3,41.7
2126,86.9,160.0,35.4
2127,71.7,-160.0,43.3
2128,160.0,-85.5,38.3
2129,-101.5,-75.2,42.1
2130,88.2,160.0,37.9
2131,72.6,-160.0,41.4
2132,160.0,-84.2,41.5
2133,-101.4,-74.6,38.1
2134,88.5,160.0,37.0
2135,74.0,-160.0,42.2
2136,160.0,-83.9,41.6
2137,-101.8,-75.0,35.7
2138,87.7,160.0,37.6
2139,74.4,-160.0,40.0
2140,160.0,-83.6,41.7
2141,-101.7,-75.3,35.5
2142,87.4,160.0,39.1
2143,74.8,-160.0,38.9
2144,160.0,-83.3,42.0
2145,-101.8,-75.7,37.5
2146,86.9,160.0,39.7
2147,75.2,-160.0,40.2
2148,160.0,-80.8,41.5
2149,-101.1,-74.3,38.1
2150,86.7,160.0,40.3
2151,76.9,-160.0,39.8
2152,160.0,-81.7,41.8
2153,-101.3,-75.5,37.6
2154,85.2,160.0,45.5
2155,76.2,-160.0,36.0
2156,160.0,-81.0,38.8
2157,-102.5,-76.4,41.6
2158,83.2,160.0,43.6
2159,76.1,-160.0,37.5
2160,160.0,-80.7,36.8
2161,-101.9,-76.8,44.1
2162,82.5,160.0,42.6
2163,76.5,-160.0,38.1
2164,160.0,-80.7,37.5
2165,-101.7,-76.8,43.2
2166,82.4,160.0,38.7
2167,76.6,-160.0,40.9
2168,160.0,-79.8,38.6
2169,-100.8,-75.7,39.5
2170,83.6,160.0,36.8
2171,77.4,-160.0,40.6
2172,160.0,-80.7,41.2
2173,-103.4,-76.8,38.5
2174,81.3,160.0,40.0
2175,75.6,-160.0,40.0
2176,160.0,-80.8,37.4
2177,-101.7,-76.7,41.0
2178,82.5,160.0,39.1
2179,76.4,-160.0,39.0
2180,160.0,-79.7,40.3
2181,-101.9,-75.9,39.6
2182,82.4,160.0,38.3
2183,76.6,-160.0,41.2
2184,160.0,-79.6,39.3
2185,-100.0,-75.9,40.9
2186,83.2,160.0,38.5
2187,77.7,-160.0,41.1
2188,160.0,-79.5,41.1
2189,-102.9,-76.0,38.5
2190,82.0,160.0,37.7
2191,76.8,-160.0,41.7
2192,160.0,-79.4,40.6
2193,-101.5,-76.1,39.2
2194,82.9,160.0,37.0
2195,77.9,-160.0,42.2
2196,160.0,-78.6,40.8
2197,-100.7,-75.0,36.7
2198,84.1,160.0,36.1
2199,78.7,-160.0,41.1
2200,160.0,-77.9,41.5
2201,-100.1,-73.5,35.8
2202,84.9,160.0,36.9
2203,78.1,-160.0,40.5
2204,160.0,-79.7,42.3
2205,-102.6,-73.5,34.8
2206,84.3,160.0,39.4
2207,75.1,-160.0,38.7
2208,160.0,-79.4,35.9
2209,-101.5,-71.6,43.0
2210,85.9,160.0,35.2
2211,74.1,-160.0,41.7
2212,160.0,-79.9,36.3
2213,-101.9,-71.0,44.7
2214,86.4,160.0,35.1
2215,73.4,-160.0,43.7
2216,160.0,-78.7,38.0
2217,-100.7,-70.3,42.6
2218,86.2,160.0,31.1
2219,73.7,-160.0,46.5
2220,160.0,-77.5,38.3
2221,-101.2,-69.5,42.2
2222,85.8,160.0,32.8
2223,73.9,-160.0,45.3
2224,160.0,-76.2,39.4
2225,-101.2,-68.9,38.4
2226,85.3,160.0,33.1
2227,74.3,-160.0,43.4
2228,160.0,-75.3,37.6
2229,-99.3,-67.8,40.8
2230,86.3,160.0,35.8
2231,75.2,-160.0,41.4
2232,160.0,-72.9,40.7
2233,-100.0,-66.2,36.9
2234,85.8,160.0,37.0
2235,75.6,-160.0,40.5
2236,160.0,-71.6,40.5
2237,-100.5,-65.6,37.1
2238,85.2,160.0,37.1
2239,76.1,-160.0,40.5
2240,160.0,-69.3,41.0
2241,-99.4,-64.0,36.4
2242,85.6,160.0,37.4
2243,77.5,-160.0,40.3
2244,160.0,-67.4,41.9
2245,-99.1,-61.9,35.3
2246,85.7,160.0,38.7
2247,77.3,-160.0,39.3
2248,160.0,-66.8,41.6
2249,-98.8,-60.4,35.7
2250,86.6,160.0,39.2
2251,76.7,-160.0,38.8
2252,160.0,-65.2,40.9
2253,-98.1,-57.9,36.6
2254,87.4,160.0,39.1
2255,76.1,-160.0,38.9
2256,160.0,-63.7,40.9
2257,-98.1,-55.3,38.9
2258,87.0,160.0,38.8
2259,74.2,-160.0,41.0
2260,160.0,-64.2,41.4
2261,-98.9,-54.8,40.5
2262,86.0,160.0,39.5
2263,71.5,-160.0,42.2
2264,160.0,-63.6,36.4
2265,-90.3,-53.5,46.4
2266,86.5,160.0,35.2
2267,71.0,-160.0,45.8
2268,160.0,-61.6,38.9
2269,32.6,-55.5,41.7
2270,86.5,160.0,33.8
2271,70.9,-160.0,47.0
2272,160.0,-59.6,36.7
2273,48.7,-54.1,40.7
2274,85.4,160.0,32.9
2275,69.9,-160.0,46.0
2276,160.0,-57.6,36.5
2277,53.3,-52.2,39.4
2278,85.3,160.0,34.2
2279,69.8,-160.0,43.2
2280,160.0,-55.9,36.6
2281,54.9,-50.2,39.4
2282,86.9,160.0,35.4
2283,70.2,-160.0,42.2
2284,160.0,-53.4,40.9
2285,56.5,-48.3,38.7
2286,87.0,160.0,36.9
2287,71.9,-160.0,40.9
2288,160.0,-50.8,41.3
2289,55.4,-46.4,38.6
2290,86.1,160.0,38.6
2291,72.7,-160.0,39.3
2292,160.0,-47.4,40.0
2293,55.4,-43.4,38.8
2294,86.2,160.0,38.3
2295,74.3,-160.0,39.7
2296,160.0,-43.9,40.4
2297,54.6,-40.5,38.7
2298,85.3,160.0,38.5
2299,75.0,-160.0,39.5
2300,160.0,-40.6,41.7
2301,56.5,-37.5,38.5
2302,85.7,160.0,39.9
2303,76.6,-160.0,38.1
2304,160.0,-39.6,44.6
2305,57.1,-36.6,39.2
2306,85.8,160.0,44.5
2307,76.6,-160.0,35.8
2308,160.0,-36.6,41.9
2309,56.4,-33.6,39.7
2310,84.6,160.0,42.6
2311,75.5,-160.0,37.5
2312,160.0,-34.5,39.1
2313,57.5,-31.6,39.0
2314,85.6,160.0,39.6
2315,76.6,-160.0,38.4
2316,160.0,-33.9,40.9
2317,55.4,-30.5,39.8
2318,84.3,160.0,42.2
2319,73.8,-160.0,37.8
2320,160.0,-32.6,38.0
2321,54.7,-28.4,40.4
2322,85.5,160.0,37.9
2323,72.6,-160.0,42.1
2324,160.0,-31.0,35.5
2325,53.6,-26.3,39.6
2326,85.8,160.0,34.0
2327,71.9,-160.0,44.2
2328,160.0,-29.9,35.4
2329,44.6,-25.1,39.9
2330,84.8,160.0,34.6
2331,71.1,-160.0,43.5
2332,160.0,-27.8,36.6
2333,-92.9,-19.4,41.9
2334,84.6,160.0,33.7
2335,71.2,-160.0,44.5
2336,160.0,-25.0,38.7
2337,-98.6,-18.2,39.4
2338,83.2,160.0,38.0
2339,72.4,-160.0,40.0
2340,160.0,-21.7,36.2
2341,-98.8,-17.8,42.6
2342,81.9,160.0,34.2
2343,75.9,-160.0,44.1
2344,160.0,-18.0,40.7
2345,-99.8,-18.0,39.0
2346,79.0,160.0,41.1
2347,79.0,-160.0,38.8
2348,160.0,-13.1,41.6
2349,-98.3,-15.2,37.9
2350,79.4,160.0,45.1
2351,82.8,-160.0,34.4
2352,160.0,-11.0,44.5
2353,-97.5,-13.3,36.5
2354,80.1,160.0,46.3
2355,84.1,-160.0,34.9
2356,160.0,-8.1,45.4
2357,-100.0,-12.5,35.1
2358,78.6,160.0,48.7
2359,86.0,-160.0,32.0
2360,160.0,-3.7,46.5
2361,-98.9,-11.4,33.6
2362,77.0,160.0,51.2
2363,90.0,-160.0,29.1
2364,160.0,-2.5,46.3
2365,-99.4,-10.8,33.9
2366,76.6,160.0,54.4
2367,90.8,-160.0,24.8
2368,160.0,-3.1,44.6
2369,-100.2,-7.5,33.8
2370,78.4,160.0,52.1
2371,86.3,-160.0,25.5
2372,160.0,-5.0,41.4
2373,-100.6,-2.7,38.1
2374,83.6,160.0,46.2
2375,80.1,-160.0,32.8
2376,160.0,-7.0,39.8
2377,-101.0,2.3,40.2
2378,88.1,160.0,41.9
2379,73.0,-160.0,37.8
2380,160.0,-9.3,38.6
2381,-101.6,5.3,41.8
2382,90.5,160.0,39.9
2383,67.4,-160.0,40.1
2384,160.0,-9.9,36.2
2385,-101.5,6.1,42.7
2386,90.8,160.0,36.2
2387,65.2,-160.0,42.3
2388,160.0,-7.7,35.9
2389,-100.5,5.4,43.1
2390,88.4,160.0,38.3
2391,67.6,-160.0,39.9
2392,160.0,-6.6,35.9
2393,-101.4,3.9,43.1
2394,86.6,160.0,41.3
2395,69.8,-160.0,36.2
2396,160.0,-5.2,36.4
2397,-101.4,4.4,42.4
2398,85.2,160.0,40.0
2399,69.6,-160.0,37.8
2400,160.0,-3.7,37.2
2401,-101.8,2.5,41.3
2402,82.5,160.0,39.1
2403,72.6,-160.0,38.9
2404,160.0,-0.7,39.2
2405,-100.7,0.9,41.0
2406,80.1,160.0,38.7
2407,77.6,-160.0,41.6
2408,160.0,1.4,42.1
2409,-100.5,-1.8,37.3
2410,76.8,160.0,44.9
2411,81.8,-160.0,33.8
2412,160.0,2.3,41.8
2413,-100.1,-3.0,37.7
2414,75.4,160.0,43.4
2415,83.8,-160.0,35.5
2416,160.0,2.8,39.6
2417,-100.0,-3.6,38.2
2418,74.7,160.0,40.3
2419,84.5,-160.0,37.3
2420,160.0,2.1,38.4
2421,-100.2,-2.8,39.8
2422,75.8,160.0,40.5
2423,83.3,-160.0,37.0
2424,160.0,1.1,38.1
2425,-102.0,-1.4,42.5
2426,76.3,160.0,39.4
2427,80.1,-160.0,40.8
2428,160.0,1.4,39.2
2429,-100.5,0.5,41.0
2430,78.4,160.0,42.0
2431,79.7,-160.0,37.4
2432,160.0,2.3,41.5
2433,-100.1,1.7,40.3
2434,79.6,160.0,44.9
2435,80.5,-160.0,36.1
2436,160.0,2.6,41.8
2437,-99.1,1.2,40.0
2438,79.0,160.0,44.9
2439,81.2,-160.0,36.1
2440,160.0,3.3,41.1
2441,-99.7,0.3,38.6
2442,77.9,160.0,44.6
2443,82.7,-160.0,34.1
2444,160.0,2.4,40.8
2445,-100.9,-0.8,39.0
2446,76.8,160.0,43.4
2447,81.8,-160.0,35.5
2448,160.0,1.3,39.0
2449,-100.9,-1.7,41.3
2450,77.1,160.0,40.9
2451,81.6,-160.0,38.8
2452,160.0,1.7,38.0
2453,-99.6,0.1,42.6
2454,78.9,160.0,37.2
2455,81.4,-160.0,43.7
2456,160.0,1.7,40.3
2457,-99.6,2.4,39.6
2458,80.5,160.0,43.0
2459,79.4,-160.0,36.1
2460,160.0,-2.0,42.5
2461,-99.9,2.5,39.1
2462,83.1,160.0,47.1
2463,76.1,-160.0,33.4
2464,160.0,-2.6,42.3
2465,-99.5,3.3,39.3
2466,84.2,160.0,42.6
2467,74.9,-160.0,39.1
2468,160.0,-1.4,41.9
2469,-100.3,1.8,37.6
2470,81.3,160.0,40.1
2471,76.1,-160.0,39.9
2472,160.0,-0.8,40.2
2473,-99.8,1.1,39.8
2474,81.4,160.0,36.0
2475,78.3,-160.0,44.9
2476,160.0,-1.3,39.9
2477,-100.2,-0.6,37.8
2478,79.5,160.0,38.9
2479,78.3,-160.0,39.1
2480,160.0,-1.4,39.0
2481,-100.6,-0.4,39.0
2482,79.7,160.0,36.4
2483,78.1,-160.0,42.3
2484,160.0,-2.2,38.9
2485,-99.8,-1.7,39.1
2486,79.4,160.0,36.5
2487,78.5,-160.0,42.1
2488,160.0,-1.6,38.3
2489,-100.1,-2.5,39.9
2490,77.3,160.0,35.0
2491,78.9,-160.0,44.0
2492,160.0,0.4,37.9
2493,-99.1,-2.8,40.4
2494,76.7,160.0,35.4
2495,81.9,-160.0,43.4
2496,160.0,0.8,38.0
2497,-100.2,-3.2,38.1
2498,75.3,160.0,38.1
2499,81.5,-160.0,37.8
2500,160.0,0.4,38.7
2501,-99.8,-2.8,37.1
2502,75.9,160.0,38.6
2503,80.8,-160.0,37.2
2504,160.0,-1.9,40.3
2505,-101.0,-4.4,37.4
2506,75.3,160.0,39.3
2507,79.2,-160.0,38.6
2508,160.0,-2.8,38.3
2509,-100.9,-5.5,39.9
2510,75.2,160.0,33.0
2511,79.3,-160.0,46.7
2512,160.0,-2.6,38.2
2513,-100.8,-5.8,40.0
2514,74.8,160.0,30.7
2515,79.9,-160.0,49.8
2516,160.0,-2.7,38.8
2517,-101.2,-5.6,39.2
2518,74.1,160.0,32.0
2519,78.5,-160.0,48.3
2520,160.0,-2.0,39.0
2521,-101.3,-4.3,38.9
2522,74.5,160.0,33.7
2523,78.0,-160.0,46.2
2524,160.0,-1.2,40.3
2525,-101.6,-3.0,37.4
2526,74.9,160.0,35.9
2527,77.5,-160.0,43.1
2528,160.0,0.2,42.6
2529,-100.1,-0.3,36.7
2530,76.6,160.0,41.5
2531,77.5,-160.0,38.0
2532,160.0,1.2,45.2
2533,-99.5,0.8,33.6
2534,76.5,160.0,47.2
2535,77.7,-160.0,30.5
2536,160.0,1.7,45.9
2537,-101.0,0.2,32.7
2538,74.8,160.0,47.2
2539,77.7,-160.0,30.0
2540,160.0,3.2,44.3
2541,-100.6,-1.7,32.5
2542,71.7,160.0,45.4
2543,79.6,-160.0,30.1
2544,160.0,4.0,42.4
2545,-102.0,-4.8,34.8
2546,67.9,160.0,43.3
2547,80.8,-160.0,32.4
2548,160.0,5.7,38.8
2549,-102.0,-6.8,37.0
2550,64.2,160.0,37.9
2551,82.0,-160.0,38.2
2552,160.0,6.7,36.3
2553,-101.7,-7.8,39.9
2554,61.2,160.0,35.7
2555,81.9,-160.0,41.9
2556,160.0,6.2,34.9
2557,-101.5,-9.2,41.5
2558,59.8,160.0,34.3
2559,81.7,-160.0,44.2
2560,160.0,6.8,35.6
2561,-102.3,-9.7,40.7
2562,57.4,160.0,34.0
2563,80.7,-160.0,44.8
2564,160.0,8.1,37.6
2565,-102.3,-9.0,40.5
2566,56.1,160.0,35.9
2567,80.0,-160.0,44.3
2568,160.0,8.3,40.7
2569,-102.4,-9.0,39.2
2570,55.1,160.0,39.2
2571,79.1,-160.0,41.4
2572,160.0,7.9,44.2
2573,-101.4,-8.5,37.5
2574,55.7,160.0,42.2
2575,78.3,-160.0,39.0
2576,160.0,8.6,45.8
2577,-102.2,-7.1,35.9
2578,54.0,160.0,44.8
2579,75.9,-160.0,34.4
2580,160.0,9.7,46.9
2581,-101.6,-6.0,34.8
2582,52.9,160.0,45.8
2583,75.0,-160.0,32.7
2584,160.0,10.8,47.8
2585,-101.0,-5.0,36.1
2586,51.8,160.0,47.9
2587,74.2,-160.0,31.8
2588,160.0,10.7,47.3
2589,-101.4,-4.7,34.7
2590,50.0,160.0,47.3
2591,71.9,-160.0,30.0
2592,160.0,9.5,45.0
2593,-101.0,-5.3,35.2
2594,48.4,160.0,44.1
2595,67.8,-160.0,33.6
2596,160.0,8.2,42.8
2597,-101.2,-3.9,35.4
2598,47.8,160.0,41.5
2599,55.4,-34.0,38.4
2600,160.0,5.6,40.7
2601,-100.3,-1.3,35.5
2602,48.5,160.0,39.3
2603,52.6,-27.0,37.8
2604,160.0,1.0,38.3
2605,-100.2,1.0,35.8
2606,49.0,160.0,36.5
2607,49.0,-25.6,37.1
2608,160.0,-3.4,36.8
2609,-99.9,2.9,39.0
2610,49.3,160.0,35.1
2611,45.5,-25.4,38.4
2612,160.0,-7.0,35.8
2613,-100.0,3.9,39.8
2614,48.6,160.0,33.3
2615,42.2,-25.4,38.7
2616,160.0,-12.8,37.2
2617,-101.4,1.2,42.2
2618,46.2,160.0,33.6
2619,37.9,-29.4,40.9
2620,160.0,-15.4,34.8
2621,-101.8,1.1,44.0
2622,44.2,159.8,26.4
2623,34.5,-36.3,42.5
2624,160.0,-15.9,33.5
2625,-102.3,1.3,44.8
2626,41.5,160.0,26.6
2627,20.1,-160.0,60.2
2628,160.0,-16.4,34.8
2629,-101.6,1.4,43.7
2630,40.0,160.0,30.9
2631,16.8,-160.0,54.3
2632,160.0,-16.3,37.4
2633,-100.8,2.8,40.1
2634,39.9,160.0,34.3
2635,14.2,-160.0,46.5
2636,160.0,-15.3,38.7
2637,-101.0,5.3,39.2
2638,38.7,160.0,38.1
2639,10.9,-160.0,40.5
2640,160.0,-13.8,39.6
2641,-99.9,7.5,38.6
2642,38.0,160.0,41.4
2643,9.2,-160.0,35.2
2644,160.0,-12.8,38.6
2645,-99.9,8.4,37.6
2646,36.8,160.0,43.8
2647,8.3,-160.0,28.5
2648,160.0,-11.8,38.3
2649,-100.4,9.2,36.2
2650,34.6,160.0,45.8
2651,6.5,-160.0,22.4
2652,160.0,-12.3,39.3
2653,-100.6,7.7,37.2
2654,32.2,160.0,45.4
2655,5.4,-160.0,25.9
2656,160.0,-10.8,37.3
2657,-100.2,6.6,38.4
2658,29.9,160.0,42.5
2659,6.3,-160.0,30.7
2660,160.0,-9.2,37.1
2661,-100.8,5.6,38.6
2662,26.6,160.0,37.3
2663,6.5,-160.0,39.1
2664,160.0,-7.3,37.0
2665,-100.6,4.3,40.2
2666,23.0,160.0,36.5
2667,7.2,-160.0,43.1
2668,160.0,-5.6,35.4
2669,-101.1,3.2,39.5
2670,19.5,160.0,35.5
2671,7.6,-160.0,42.1
2672,160.0,-4.5,36.9
2673,-100.5,2.5,40.2
2674,17.6,160.0,38.6
2675,8.1,-160.0,39.7
2676,160.0,-3.6,38.0
2677,-99.5,2.0,39.5
2678,15.9,160.0,39.5
2679,8.2,-160.0,38.2
2680,160.0,-1.9,38.4
2681,-100.1,2.6,39.3
2682,13.3,160.0,40.1
2683,7.2,-160.0,37.2
2684,160.0,-1.1,38.2
2685,-99.5,2.1,39.4
2686,11.7,160.0,41.2
2687,7.3,-160.0,35.5
2688,160.0,-0.6,37.6
2689,-99.3,1.8,39.7
2690,10.3,160.0,40.8
2691,6.9,-160.0,36.0
2692,160.0,-0.4,38.1
2693,-99.3,1.7,39.5
2694,9.1,160.0,41.4
2695,6.2,-160.0,35.1
2696,160.0,1.0,37.0
2697,-99.0,2.5,40.0
2698,7.8,160.0,41.7
2699,5.6,-160.0,34.6
2700,160.0,1.2,38.6
2701,-99.0,2.4,40.7
2702,6.6,160.0,43.8
2703,5.0,-160.0,33.9
2704,160.0,-1.0,38.3
2705,-99.6,0.5,40.8
2706,4.8,160.0,41.9
2707,2.7,-160.0,37.0
2708,160.0,-2.4,36.7
2709,-99.4,-0.3,41.6
2710,4.0,160.0,36.5
2711,1.4,-160.0,45.6
2712,160.0,-3.1,38.0
2713,-99.6,-0.0,42.4
2714,3.5,160.0,35.1
2715,-0.4,-160.0,50.4
2716,160.0,-3.3,36.1
2717,-100.3,0.1,43.3
2718,2.6,160.0,36.1
2719,-1.6,-160.0,48.8
2720,160.0,-1.9,35.2
2721,-99.7,0.9,42.2
2722,2.4,160.0,37.5
2723,-1.3,-160.0,43.9
2724,160.0,-2.2,36.9
2725,-99.1,1.0,41.4
2726,1.7,160.0,41.3
2727,-2.7,-160.0,38.0
2728,160.0,-2.1,37.4
2729,-99.4,0.9,39.7
2730,1.6,160.0,42.6
2731,-2.6,-160.0,33.3
2732,160.0,-2.3,38.5
2733,-98.5,-0.4,39.2
2734,1.0,160.0,41.3
2735,-1.6,-160.0,35.4
2736,160.0,-0.8,38.5
2737,-97.4,-1.1,39.2
2738,-0.2,160.0,37.3
2739,0.3,-160.0,41.7
2740,160.0,0.5,38.0
2741,-98.0,-1.7,40.9
2742,-1.2,160.0,36.0
2743,1.9,-160.0,46.4
2744,160.0,2.3,36.1
2745,-98.2,-2.5,41.7
2746,-2.6,160.0,37.7
2747,4.1,-160.0,43.6
2748,160.0,4.1,35.6
2749,-98.6,-3.3,41.9
2750,-4.0,160.0,38.6
2751,6.3,-160.0,42.3
2752,160.0,5.7,38.3
2753,-98.6,-2.5,40.8
2754,-4.4,160.0,38.7
2755,6.9,-160.0,42.0
2756,160.0,5.7,39.3
2757,-97.8,-2.5,40.3
2758,-4.4,160.0,41.3
2759,7.0,-160.0,38.0
2760,160.0,4.9,40.8
2761,-98.0,-2.2,39.6
2762,-3.7,160.0,41.8
2763,5.9,-160.0,37.1
2764,160.0,4.9,40.8
2765,-97.6,-2.2,38.2
2766,-3.7,160.0,40.8
2767,5.9,-160.0,36.2
2768,160.0,4.8,40.6
2769,-97.2,-2.1,38.3
2770,-3.6,160.0,40.7
2771,5.9,-160.0,36.2
2772,160.0,4.5,40.2
2773,-97.6,-2.0,38.5
2774,-3.4,160.0,40.4
2775,5.5,-160.0,36.8
2776,160.0,3.2,39.1
2777,-97.4,-1.4,40.4
2778,-2.4,160.0,40.9
2779,3.9,-160.0,38.6
2780,160.0,3.0,37.1
2781,-97.8,-1.3,41.3
2782,-2.3,160.0,41.7
2783,3.6,-160.0,37.2
2784,160.0,3.0,37.3
2785,-97.9,-1.4,39.8
2786,-2.3,160.0,39.2
2787,3.7,-160.0,38.7
2788,160.0,2.5,39.3
2789,-97.4,-1.1,40.3
2790,-1.9,160.0,41.0
2791,3.0,-160.0,38.3
2792,160.0,2.3,38.9
2793,-97.5,-1.0,39.0
2794,-1.7,160.0,37.9
2795,2.8,-160.0,40.7
2796,160.0,2.3,40.0
2797,-98.1,-1.0,38.6
2798,-1.7,160.0,36.9
2799,2.8,-160.0,42.3
2800,160.0,2.1,39.8
2801,-97.6,-0.9,38.7
2802,-1.6,160.0,36.4
2803,2.6,-160.0,43.2
2804,160.0,2.9,36.6
2805,-97.9,-1.3,38.6
2806,-2.2,160.0,38.9
2807,3.6,-160.0,36.5
2808,160.0,3.5,36.5
2809,-97.9,-1.6,38.7
2810,-2.7,160.0,38.6
2811,4.3,-160.0,37.0
2812,160.0,4.1,35.6
2813,-97.4,-1.8,37.6
2814,-3.1,160.0,38.0
2815,5.0,-160.0,35.4
2816,160.0,3.7,36.3
2817,-97.4,-1.6,37.3
2818,-2.8,160.0,37.5
2819,4.6,-160.0,36.2
2820,160.0,3.0,35.8
2821,-97.4,-1.3,36.1
2822,-2.3,160.0,36.9
2823,3.6,-160.0,34.5
2824,160.0,2.6,34.6
2825,-97.1,0.3,35.2
2826,-1.2,160.0,36.9
2827,2.0,-160.0,31.9
2828,160.0,1.0,34.4
2829,-97.2,-0.4,33.8
2830,-0.7,160.0,36.4
2831,1.2,-160.0,30.2
2832,160.0,-0.5,33.7
2833,-96.5,0.2,31.2
2834,0.4,160.0,33.1
2835,-0.7,-160.0,30.3
2836,160.0,-2.6,31.3
2837,-95.6,1.1,29.4
2838,2.0,160.0,30.7
2839,-3.1,-160.0,28.9
2840,160.0,-3.1,28.3
2841,-95.6,1.4,27.9
2842,2.4,160.0,29.2
2843,-3.8,-160.0,26.1
2844,160.0,-4.9,26.5
2845,-94.7,2.1,25.8
2846,3.8,160.0,25.3
2847,-6.0,-160.0,27.1
2848,160.0,-7.3,23.1
2849,-94.4,3.2,22.9
2850,5.6,160.0,21.4
2851,-8.9,-160.0,25.5
2852,160.0,-9.6,21.2
2853,-93.6,4.1,20.9
2854,7.3,160.0,19.1
2855,-11.7,-160.0,24.1
2856,160.0,-11.8,19.1
2857,-93.5,3.7,18.9
2858,8.4,160.0,17.2
2859,-13.2,-160.0,21.9
2860,160.0,-10.4,16.3
2861,-93.4,4.5,17.3
2862,8.0,160.0,14.9
2863,-12.7,-160.0,20.4
2864,160.0,-9.6,14.1
2865,-93.2,4.1,13.9
2866,7.4,160.0,13.9
2867,-11.5,-160.0,14.1
2868,160.0,-8.6,10.6
2869,-92.9,3.7,12.6
2870,6.7,160.0,11.9
2871,-10.4,-160.0,12.2
2872,160.0,-7.3,9.4
2873,-93.1,3.2,10.3
2874,5.7,160.0,9.7
2875,-8.7,-160.0,10.4
2876,160.0,-5.9,6.9
2877,-92.8,2.5,8.5
2878,4.6,160.0,6.8
2879,-7.0,-160.0,9.8
2880,160.0,-6.2,4.4
2881,-92.8,1.3,6.7
2882,4.2,160.0,4.5
2883,-6.3,-160.0,8.2
2884,160.0,-4.3,3.6
2885,-93.6,2.0,5.6
2886,3.6,160.0,4.6
2887,-5.3,-160.0,5.5
2888,160.0,-3.7,7.8
2889,-93.9,1.8,2.1
2890,3.2,160.0,3.9
2891,-2.0,-101.1,4.0
2892,160.0,-0.7,5.2
2893,-93.1,0.3,1.9
2894,1.6,160.0,2.9
2895,0.8,-67.7,3.0
2896,160.0,1.9,6.4
2897,-92.1,-1.1,1.1
2898,-0.9,160.0,3.7
2899,1.8,-68.6,2.7
2900,160.0,6.4,7.3
2901,-91.5,-1.7,0.9
2902,-4.0,160.0,4.8
2903,2.6,-53.5,2.4
2904,160.0,9.6,6.3
2905,-90.8,-3.1,1.4
2906,-6.5,160.0,5.8
2907,3.2,-47.2,2.2
2908,143.2,8.6,2.4
2909,-92.0,-3.9,1.8
2910,-8.8,160.0,7.2
2911,2.5,-45.8,0.5
2912,66.7,4.5,0.4
2913,-91.9,-3.8,4.3
2914,-8.7,160.0,5.3
2915,2.1,-40.2,1.2
2916,44.7,2.0,0.4
2917,-92.0,-4.2,5.2
2918,-7.6,160.0,2.0
2919,2.0,-44.3,2.0
