,free_node_coor_list,14:34:07,3377
0,-31,-4,-2
1,-31,-4,-1
2,-31,-3,-1
3,-30,-4,-2
4,-29,-3,-2
5,-30,-3,-1
6,-29,-3,-1
7,-28,-3,-2
8,-27,-3,-2
9,-28,-3,-1
10,-27,-3,-1
11,-26,-3,-2
12,-25,-3,-2
13,-26,-3,-1
14,-25,-3,-1
15,-24,-3,-2
16,-23,-3,-2
17,-24,-3,-1
18,-23,-3,-1
19,-22,-3,-2
20,-22,-3,-1
21,-24,-2,-1
22,-23,-2,-1
23,-22,-2,-1
24,-21,-2,-1
25,-20,-2,-1
26,-19,-2,-1
27,-18,-2,-1
28,-17,-2,-1
29,-16,-2,-1
30,-15,-1,-1
31,-14,-2,-1
32,-13,-2,-1
33,-14,-1,-1
34,-13,-1,-1
35,-12,-2,-1
36,-12,-1,-1
37,-11,-1,-1
38,-10,-2,-1
39,-9,-2,-1
40,-10,-1,-1
41,-9,-1,-1
42,-1,-6,-1
43,-1,-5,-1
44,-8,-2,-1
45,-7,-2,-1
46,-8,-1,-1
47,-7,-1,-1
48,-6,-1,-1
49,-5,-1,-1
50,-1,-4,-1
51,-1,-3,-1
52,-4,-1,-1
53,-3,-1,-1
54,-1,-2,-1
55,-2,-1,-1
56,-1,-1,-1
57,0,-6,-1
58,0,-5,-1
59,0,-4,-1
60,0,-3,-1
61,0,-2,-1
62,0,-1,-1
63,1,-1,-1
64,2,-1,-1
65,3,-1,-1
66,4,-1,-1
67,5,-1,-1
68,-18,0,-1
69,-17,0,-1
70,-16,0,-1
71,-15,0,-1
72,-14,0,-1
73,-13,0,-1
74,-12,0,-1
75,-11,0,-1
76,-10,0,-1
77,-9,0,-1
78,-8,0,-1
79,-7,0,-1
80,-6,0,-1
81,-5,0,-1
82,-4,0,-1
83,-3,0,-1
84,-2,0,-1
85,-1,0,-1
86,-1,1,-1
87,-1,2,-1
88,-1,3,-1
89,-1,4,-1
90,-1,5,-1
91,0,0,-1
92,1,0,-1
93,0,1,-1
94,2,0,-1
95,0,2,-1
96,0,3,-1
97,4,1,-1
98,5,1,-1
99,6,0,-1
100,6,1,-1
101,0,4,-1
102,0,5,-1
103,0,6,-1
104,8,1,-1
105,9,1,-1
106,10,1,-1
107,11,1,-1
108,11,2,-1
109,12,1,-1
110,12,2,-1
111,13,2,-1
112,14,2,-1
113,15,2,-1
114,16,2,-1
115,17,2,-1
116,17,3,-1
117,18,2,-1
118,19,2,-1
119,18,3,-1
120,19,3,-1
121,20,2,-1
122,21,2,-1
123,20,3,-1
124,21,3,-1
125,22,2,-1
126,22,3,-1
127,23,3,-1
128,23,4,-1
129,24,3,-1
130,25,3,-1
131,26,3,-1
132,27,3,-1
133,28,3,-1
134,29,3,-1
135,30,3,-1
136,31,3,-1
137,24,4,-1
138,25,4,-1
139,26,4,-1
140,27,4,-1
141,28,4,-1
142,29,5,-1
143,30,5,-1
144,31,5,-1
145,-32,-5,0
146,-31,-5,0
147,-31,-4,0
148,-32,-3,0
149,-31,-3,0
150,-31,-4,1
151,-32,-3,1
152,-31,-3,1
153,-30,-4,0
154,-29,-4,0
155,-30,-3,0
156,-29,-3,0
157,-30,-4,1
158,-29,-4,1
159,-30,-3,1
160,-29,-3,1
161,-31,-3,2
162,-31,-4,3
163,-31,-3,3
164,-30,-3,2
165,-30,-4,3
166,-29,-4,3
167,-30,-3,3
168,-29,-3,3
169,-28,-4,0
170,-27,-4,0
171,-28,-3,0
172,-27,-3,0
173,-28,-4,1
174,-27,-4,1
175,-28,-3,1
176,-27,-3,1
177,-26,-4,0
178,-25,-4,0
179,-26,-3,0
180,-25,-3,0
181,-26,-4,1
182,-26,-3,1
183,-25,-3,1
184,-25,-2,0
185,-25,-2,1
186,-28,-4,3
187,-27,-4,3
188,-28,-3,3
189,-27,-3,3
190,-26,-4,3
191,-25,-4,3
192,-26,-3,3
193,-25,-3,3
194,-31,-5,5
195,-30,-5,5
196,-31,-5,7
197,-30,-5,7
198,-29,-5,7
199,-28,-5,7
200,-27,-5,7
201,-26,-5,7
202,-25,-5,7
203,-31,-4,4
204,-32,-3,4
205,-31,-3,4
206,-31,-4,5
207,-31,-3,5
208,-30,-4,4
209,-29,-4,4
210,-30,-3,4
211,-29,-3,4
212,-30,-4,5
213,-29,-4,5
214,-30,-3,5
215,-29,-3,5
216,-31,-2,5
217,-31,-1,5
218,-30,-2,5
219,-29,-2,5
220,-30,-1,5
221,-29,-1,5
222,-31,-4,6
223,-31,-3,6
224,-31,-3,7
225,-30,-4,6
226,-29,-4,6
227,-30,-3,6
228,-29,-3,6
229,-30,-3,7
230,-29,-3,7
231,-31,-2,6
232,-31,-1,6
233,-31,-1,7
234,-30,-2,6
235,-29,-2,6
236,-30,-1,6
237,-29,-1,6
238,-30,-1,7
239,-29,-1,7
240,-28,-4,4
241,-27,-4,4
242,-28,-3,4
243,-27,-3,4
244,-28,-4,5
245,-27,-4,5
246,-28,-3,5
247,-27,-3,5
248,-26,-4,4
249,-26,-3,4
250,-25,-3,4
251,-26,-4,5
252,-25,-4,5
253,-26,-3,5
254,-25,-3,5
255,-28,-2,5
256,-27,-2,5
257,-28,-1,5
258,-27,-1,5
259,-26,-2,5
260,-25,-2,5
261,-26,-1,5
262,-25,-1,5
263,-28,-4,6
264,-27,-4,6
265,-28,-3,6
266,-27,-3,6
267,-27,-4,7
268,-28,-3,7
269,-27,-3,7
270,-26,-4,6
271,-25,-4,6
272,-26,-3,6
273,-25,-3,6
274,-26,-4,7
275,-25,-4,7
276,-26,-3,7
277,-25,-3,7
278,-28,-2,6
279,-27,-2,6
280,-28,-1,6
281,-27,-1,6
282,-28,-1,7
283,-27,-1,7
284,-26,-2,6
285,-25,-2,6
286,-26,-1,6
287,-25,-1,6
288,-25,-2,7
289,-26,-1,7
290,-25,-1,7
291,-24,-3,0
292,-23,-3,0
293,-24,-3,1
294,-23,-3,1
295,-22,-3,0
296,-21,-3,0
297,-22,-3,1
298,-21,-3,1
299,-24,-2,0
300,-23,-2,0
301,-24,-2,1
302,-23,-2,1
303,-22,-2,0
304,-21,-2,0
305,-22,-2,1
306,-21,-2,1
307,-24,-3,3
308,-23,-3,3
309,-22,-3,3
310,-21,-3,3
311,-24,-2,3
312,-23,-2,3
313,-22,-2,3
314,-21,-2,3
315,-20,-3,0
316,-19,-3,0
317,-20,-3,1
318,-19,-3,1
319,-18,-3,0
320,-18,-3,1
321,-17,-3,1
322,-20,-2,0
323,-19,-2,0
324,-20,-2,1
325,-19,-2,1
326,-18,-2,0
327,-17,-2,0
328,-18,-2,1
329,-17,-2,1
330,-20,-3,3
331,-19,-3,3
332,-18,-3,3
333,-17,-3,3
334,-19,-2,2
335,-20,-2,3
336,-19,-2,3
337,-18,-2,2
338,-17,-2,2
339,-18,-2,3
340,-17,-2,3
341,-24,-3,4
342,-23,-3,4
343,-24,-4,5
344,-23,-4,5
345,-24,-3,5
346,-23,-3,5
347,-22,-4,5
348,-22,-3,5
349,-21,-3,5
350,-24,-2,5
351,-23,-2,5
352,-24,-1,5
353,-23,-1,5
354,-22,-2,4
355,-21,-2,4
356,-22,-2,5
357,-21,-2,5
358,-22,-1,5
359,-24,-4,6
360,-23,-4,6
361,-24,-3,6
362,-23,-3,6
363,-24,-4,7
364,-23,-4,7
365,-22,-3,6
366,-21,-3,6
367,-22,-4,7
368,-21,-4,7
369,-24,-2,6
370,-23,-2,6
371,-24,-1,6
372,-23,-1,6
373,-24,-2,7
374,-23,-2,7
375,-24,-1,7
376,-23,-1,7
377,-22,-2,6
378,-21,-2,6
379,-22,-1,6
380,-21,-1,6
381,-22,-2,7
382,-21,-2,7
383,-22,-1,7
384,-21,-1,7
385,-20,-3,5
386,-19,-3,5
387,-18,-3,5
388,-17,-3,5
389,-20,-2,4
390,-19,-2,4
391,-20,-2,5
392,-19,-2,5
393,-18,-2,4
394,-17,-2,4
395,-18,-2,5
396,-17,-2,5
397,-20,-3,6
398,-19,-3,6
399,-20,-4,7
400,-19,-4,7
401,-20,-3,7
402,-19,-3,7
403,-18,-3,6
404,-17,-3,6
405,-18,-3,7
406,-17,-3,7
407,-20,-2,6
408,-19,-2,6
409,-20,-1,6
410,-19,-1,6
411,-20,-2,7
412,-19,-2,7
413,-20,-1,7
414,-19,-1,7
415,-18,-2,6
416,-17,-2,6
417,-18,-1,6
418,-17,-1,6
419,-18,-2,7
420,-17,-2,7
421,-18,-1,7
422,-17,-1,7
423,-32,-5,8
424,-31,-5,8
425,-30,-5,8
426,-29,-5,8
427,-28,-5,8
428,-27,-5,8
429,-31,-4,8
430,-31,-3,8
431,-31,-3,9
432,-30,-4,8
433,-29,-4,8
434,-30,-3,8
435,-29,-3,8
436,-30,-3,9
437,-29,-3,9
438,-31,-2,8
439,-32,-1,8
440,-31,-1,8
441,-31,-2,9
442,-32,-1,9
443,-31,-1,9
444,-30,-2,8
445,-29,-2,8
446,-30,-1,8
447,-29,-1,8
448,-30,-2,9
449,-29,-2,9
450,-30,-1,9
451,-29,-1,9
452,-31,-2,10
453,-31,-1,10
454,-32,-2,11
455,-31,-2,11
456,-30,-2,10
457,-29,-2,10
458,-30,-1,10
459,-29,-1,10
460,-30,-2,11
461,-29,-2,11
462,-28,-4,8
463,-27,-4,8
464,-28,-3,8
465,-27,-3,8
466,-28,-3,9
467,-27,-3,9
468,-26,-4,8
469,-25,-4,8
470,-26,-3,8
471,-25,-3,8
472,-26,-3,9
473,-25,-3,9
474,-28,-2,8
475,-27,-2,8
476,-28,-1,8
477,-27,-1,8
478,-28,-2,9
479,-27,-2,9
480,-28,-1,9
481,-27,-1,9
482,-26,-2,8
483,-25,-2,8
484,-26,-1,8
485,-25,-1,8
486,-26,-2,9
487,-25,-2,9
488,-26,-1,9
489,-25,-1,9
490,-28,-1,10
491,-27,-1,10
492,-28,-1,11
493,-26,-1,10
494,-25,-1,10
495,-24,-4,8
496,-23,-4,8
497,-24,-3,8
498,-23,-3,8
499,-24,-3,9
500,-22,-4,8
501,-21,-4,8
502,-22,-3,8
503,-21,-3,8
504,-24,-2,8
505,-23,-2,8
506,-24,-1,8
507,-23,-1,8
508,-24,-2,9
509,-23,-2,9
510,-24,-1,9
511,-23,-1,9
512,-22,-2,8
513,-21,-2,8
514,-22,-1,8
515,-21,-1,8
516,-22,-2,9
517,-21,-2,9
518,-22,-1,9
519,-21,-1,9
520,-24,-1,10
521,-23,-1,10
522,-22,-1,10
523,-21,-1,10
524,-20,-4,8
525,-19,-4,8
526,-20,-3,8
527,-19,-3,8
528,-18,-4,8
529,-17,-4,8
530,-18,-3,8
531,-17,-3,8
532,-20,-2,8
533,-19,-2,8
534,-20,-1,8
535,-19,-1,8
536,-20,-2,9
537,-19,-2,9
538,-20,-1,9
539,-19,-1,9
540,-18,-2,8
541,-17,-2,8
542,-18,-1,8
543,-17,-1,8
544,-18,-2,9
545,-17,-2,9
546,-18,-1,9
547,-17,-1,9
548,-20,-1,10
549,-19,-1,10
550,-18,-1,10
551,-17,-1,10
552,-16,-3,1
553,-16,-2,0
554,-15,-2,0
555,-15,-1,0
556,-16,-2,1
557,-15,-2,1
558,-14,-2,0
559,-13,-2,0
560,-14,-1,0
561,-13,-1,0
562,-14,-2,1
563,-14,-1,1
564,-13,-1,1
565,-16,-3,3
566,-15,-3,3
567,-16,-2,2
568,-15,-1,2
569,-13,-2,2
570,-14,-1,2
571,-13,-1,2
572,-14,-2,3
573,-13,-2,3
574,-12,-2,0
575,-12,-1,0
576,-11,-1,0
577,-12,-1,1
578,-11,-1,1
579,-10,-1,0
580,-9,-1,0
581,-10,-1,1
582,-9,-1,1
583,-12,-2,2
584,-11,-2,2
585,-12,-1,2
586,-11,-1,2
587,-12,-2,3
588,-11,-2,3
589,-10,-2,2
590,-9,-2,2
591,-10,-1,2
592,-9,-1,2
593,-10,-2,3
594,-9,-2,3
595,-16,-3,5
596,-15,-3,5
597,-14,-3,5
598,-13,-3,5
599,-16,-2,4
600,-15,-2,4
601,-16,-2,5
602,-15,-2,5
603,-14,-2,4
604,-13,-2,4
605,-14,-1,4
606,-13,-1,4
607,-14,-2,5
608,-13,-2,5
609,-13,-1,5
610,-16,-3,6
611,-15,-3,6
612,-16,-3,7
613,-15,-3,7
614,-14,-3,6
615,-14,-3,7
616,-13,-3,7
617,-16,-2,6
618,-15,-2,6
619,-16,-1,6
620,-15,-1,6
621,-16,-2,7
622,-15,-2,7
623,-16,-1,7
624,-15,-1,7
625,-14,-2,6
626,-13,-2,6
627,-14,-1,6
628,-13,-1,6
629,-14,-2,7
630,-13,-2,7
631,-14,-1,7
632,-13,-1,7
633,-12,-2,4
634,-11,-2,4
635,-12,-1,4
636,-11,-1,4
637,-12,-2,5
638,-11,-2,5
639,-12,-1,5
640,-11,-1,5
641,-10,-2,4
642,-10,-1,4
643,-9,-1,4
644,-10,-2,5
645,-9,-2,5
646,-10,-1,5
647,-9,-1,5
648,-12,-3,7
649,-11,-3,7
650,-10,-3,7
651,-12,-2,6
652,-11,-2,6
653,-12,-1,6
654,-11,-1,6
655,-12,-2,7
656,-11,-2,7
657,-12,-1,7
658,-11,-1,7
659,-10,-2,6
660,-9,-2,6
661,-10,-1,6
662,-9,-1,6
663,-10,-2,7
664,-9,-2,7
665,-10,-1,7
666,-9,-1,7
667,-8,-1,0
668,-7,-1,0
669,-8,-1,1
670,-7,-1,1
671,-6,-1,0
672,-5,-1,0
673,-6,-1,1
674,-5,-1,1
675,-8,-2,2
676,-7,-2,2
677,-8,-1,2
678,-7,-1,2
679,-8,-2,3
680,-7,-2,3
681,-6,-2,2
682,-6,-1,2
683,-5,-1,2
684,-6,-2,3
685,-5,-2,3
686,-6,-1,3
687,-4,-1,2
688,-3,-1,2
689,-4,-1,3
690,-3,-1,3
691,-2,-1,2
692,-1,-1,2
693,-2,-1,3
694,-1,-1,3
695,-1,-6,5
696,-1,-5,5
697,-1,-7,7
698,-1,-6,7
699,-1,-5,7
700,-8,-1,4
701,-7,-1,4
702,-8,-2,5
703,-7,-2,5
704,-8,-1,5
705,-7,-1,5
706,-6,-1,4
707,-5,-1,4
708,-6,-2,5
709,-5,-2,5
710,-6,-1,5
711,-5,-1,5
712,-8,-2,6
713,-7,-2,6
714,-8,-1,6
715,-7,-1,6
716,-8,-2,7
717,-7,-2,7
718,-8,-1,7
719,-7,-1,7
720,-6,-2,6
721,-5,-2,6
722,-6,-1,6
723,-5,-1,6
724,-6,-2,7
725,-5,-2,7
726,-6,-1,7
727,-5,-1,7
728,-1,-4,5
729,-1,-3,5
730,-4,-1,5
731,-3,-1,5
732,-1,-2,5
733,-2,-1,5
734,-1,-1,5
735,-1,-4,7
736,-1,-3,7
737,-4,-1,6
738,-3,-1,6
739,-4,-2,7
740,-3,-2,7
741,-4,-1,7
742,-3,-1,7
743,-2,-1,6
744,-1,-1,6
745,-2,-2,7
746,-1,-2,7
747,-2,-1,7
748,-1,-1,7
749,-16,-3,8
750,-15,-3,8
751,-14,-3,8
752,-13,-3,8
753,-16,-2,8
754,-15,-2,8
755,-16,-1,8
756,-15,-1,8
757,-16,-2,9
758,-15,-2,9
759,-16,-1,9
760,-15,-1,9
761,-14,-2,8
762,-13,-2,8
763,-14,-1,8
764,-13,-1,8
765,-14,-2,9
766,-13,-2,9
767,-14,-1,9
768,-13,-1,9
769,-16,-1,10
770,-12,-3,8
771,-11,-3,8
772,-10,-3,8
773,-9,-3,8
774,-12,-2,8
775,-11,-2,8
776,-12,-1,8
777,-11,-1,8
778,-12,-1,9
779,-11,-1,9
780,-9,-2,8
781,-10,-1,8
782,-9,-1,8
783,-10,-1,9
784,-9,-1,9
785,-11,-1,10
786,-10,-1,10
787,-9,-1,10
788,-1,-7,8
789,-1,-6,8
790,-1,-5,8
791,-8,-2,8
792,-7,-2,8
793,-8,-1,8
794,-7,-1,8
795,-8,-1,9
796,-7,-1,9
797,-6,-2,8
798,-5,-2,8
799,-6,-1,8
800,-5,-1,8
801,-6,-1,9
802,-5,-1,9
803,-8,-1,10
804,-7,-1,10
805,-6,-1,10
806,-5,-1,10
807,-1,-4,8
808,-1,-3,8
809,-4,-2,8
810,-3,-2,8
811,-4,-1,8
812,-3,-1,8
813,-4,-1,9
814,-3,-1,9
815,-2,-2,8
816,-1,-2,8
817,-2,-1,8
818,-1,-1,8
819,-2,-1,9
820,-1,-1,9
821,-4,-1,10
822,-3,-1,10
823,7,-31,6
824,7,-32,7
825,7,-31,7
826,7,-30,6
827,7,-29,6
828,7,-30,7
829,7,-29,7
830,7,-28,6
831,7,-27,6
832,7,-28,7
833,7,-27,7
834,7,-26,6
835,7,-25,6
836,7,-26,7
837,7,-25,7
838,8,-31,6
839,9,-31,7
840,11,-31,7
841,8,-30,6
842,8,-29,6
843,9,-30,7
844,8,-29,7
845,11,-30,7
846,11,-29,7
847,12,-32,5
848,12,-31,5
849,12,-30,5
850,12,-29,5
851,8,-28,6
852,8,-27,6
853,8,-28,7
854,8,-27,7
855,11,-28,7
856,11,-27,7
857,8,-26,6
858,8,-25,6
859,8,-26,7
860,8,-25,7
861,11,-26,7
862,11,-25,7
863,12,-28,6
864,12,-27,6
865,12,-26,6
866,12,-25,6
867,7,-24,7
868,7,-23,7
869,7,-22,7
870,7,-21,7
871,7,-20,7
872,7,-19,7
873,7,-18,7
874,7,-17,7
875,8,-24,7
876,8,-23,7
877,11,-24,7
878,11,-23,7
879,8,-22,7
880,8,-21,7
881,11,-22,7
882,11,-21,7
883,12,-24,6
884,12,-23,6
885,12,-22,6
886,12,-21,6
887,8,-20,7
888,8,-19,7
889,11,-20,7
890,11,-19,7
891,8,-18,7
892,11,-18,7
893,11,-17,7
894,15,-17,5
895,12,-20,6
896,12,-19,6
897,12,-18,6
898,12,-17,6
899,7,-28,8
900,7,-27,8
901,7,-26,8
902,7,-25,8
903,8,-31,8
904,9,-31,8
905,8,-31,9
906,9,-31,9
907,8,-30,8
908,8,-29,8
909,8,-30,9
910,9,-30,9
911,8,-29,9
912,9,-29,9
913,8,-31,10
914,9,-31,10
915,8,-30,10
916,9,-30,10
917,8,-29,10
918,9,-29,10
919,13,-32,8
920,13,-31,8
921,13,-30,8
922,13,-29,8
923,14,-31,11
924,14,-30,11
925,14,-29,11
926,8,-28,8
927,8,-27,8
928,8,-28,9
929,9,-28,9
930,8,-27,9
931,9,-27,9
932,8,-26,8
933,8,-25,8
934,8,-26,9
935,9,-26,9
936,8,-25,9
937,9,-25,9
938,8,-28,10
939,8,-27,10
940,8,-26,10
941,8,-25,10
942,13,-28,8
943,13,-27,8
944,13,-26,8
945,13,-25,8
946,14,-28,11
947,14,-27,11
948,14,-26,10
949,14,-25,10
950,9,-32,13
951,9,-31,13
952,9,-30,12
953,9,-29,12
954,9,-28,12
955,9,-27,12
956,9,-26,12
957,9,-25,12
958,7,-24,8
959,7,-23,8
960,7,-22,8
961,7,-21,8
962,7,-22,10
963,7,-21,10
964,6,-20,8
965,7,-20,8
966,6,-19,8
967,7,-19,8
968,7,-20,9
969,7,-19,9
970,6,-18,8
971,7,-18,8
972,6,-17,8
973,7,-17,8
974,7,-18,9
975,7,-17,9
976,8,-24,8
977,8,-23,8
978,8,-24,9
979,9,-24,9
980,8,-23,9
981,9,-23,9
982,8,-22,8
983,8,-21,8
984,9,-21,8
985,8,-22,9
986,9,-22,9
987,8,-21,9
988,9,-21,9
989,10,-22,8
990,10,-21,8
991,8,-24,10
992,8,-23,10
993,9,-24,11
994,9,-23,11
995,9,-22,11
996,9,-21,11
997,13,-24,8
998,13,-23,8
999,12,-22,8
1000,12,-21,8
1001,14,-24,10
1002,14,-23,10
1003,14,-22,10
1004,14,-21,10
1005,8,-20,8
1006,9,-20,8
1007,8,-19,8
1008,9,-19,8
1009,8,-20,9
1010,9,-20,9
1011,8,-19,9
1012,9,-19,9
1013,10,-20,8
1014,10,-19,8
1015,8,-18,8
1016,9,-18,8
1017,8,-17,8
1018,9,-17,8
1019,8,-18,9
1020,9,-18,9
1021,8,-17,9
1022,9,-17,9
1023,10,-18,8
1024,10,-17,8
1025,9,-20,11
1026,9,-19,11
1027,9,-17,10
1028,9,-18,11
1029,12,-20,8
1030,12,-19,8
1031,12,-18,8
1032,12,-17,8
1033,14,-20,10
1034,14,-19,10
1035,14,-18,10
1036,14,-17,10
1037,17,-31,3
1038,17,-30,3
1039,16,-29,3
1040,18,-31,4
1041,18,-32,5
1042,18,-31,5
1043,17,-29,4
1044,18,-30,4
1045,18,-30,5
1046,18,-29,5
1047,19,-32,6
1048,19,-31,6
1049,19,-31,7
1050,19,-30,6
1051,19,-29,6
1052,19,-30,7
1053,18,-29,7
1054,20,-31,5
1055,20,-30,5
1056,20,-29,5
1057,16,-28,4
1058,17,-28,4
1059,16,-27,4
1060,17,-27,5
1061,18,-28,5
1062,18,-27,5
1063,16,-26,4
1064,16,-25,4
1065,17,-26,5
1066,17,-25,5
1067,19,-26,5
1068,19,-25,5
1069,19,-28,6
1070,19,-27,6
1071,18,-28,7
1072,18,-27,7
1073,19,-26,6
1074,18,-25,6
1075,18,-26,7
1076,18,-25,7
1077,20,-28,5
1078,20,-27,5
1079,16,-24,4
1080,16,-23,4
1081,17,-24,5
1082,17,-23,5
1083,16,-22,5
1084,17,-22,5
1085,16,-21,5
1086,17,-21,5
1087,18,-24,6
1088,19,-24,6
1089,18,-23,6
1090,19,-23,6
1091,18,-24,7
1092,18,-23,7
1093,17,-21,6
1094,17,-21,7
1095,18,-22,6
1096,19,-22,6
1097,18,-21,6
1098,19,-21,6
1099,18,-22,7
1100,19,-21,7
1101,16,-20,5
1102,17,-20,5
1103,16,-19,5
1104,17,-19,5
1105,16,-18,5
1106,17,-18,5
1107,16,-17,5
1108,17,-20,6
1109,17,-19,6
1110,17,-20,7
1111,17,-19,7
1112,18,-20,6
1113,19,-20,6
1114,18,-19,6
1115,18,-20,7
1116,18,-19,7
1117,16,-18,6
1118,16,-17,6
1119,17,-17,6
1120,17,-18,7
1121,17,-17,7
1122,18,-18,6
1123,18,-17,6
1124,18,-18,7
1125,18,-17,7
1126,19,-31,9
1127,19,-30,9
1128,19,-29,9
1129,19,-31,11
1130,19,-30,11
1131,19,-29,11
1132,20,-31,8
1133,20,-30,8
1134,20,-29,8
1135,19,-28,8
1136,19,-27,8
1137,19,-28,9
1138,19,-26,8
1139,19,-25,8
1140,19,-28,10
1141,19,-27,10
1142,19,-26,10
1143,19,-25,10
1144,18,-24,8
1145,19,-24,8
1146,18,-23,8
1147,19,-23,8
1148,18,-22,8
1149,19,-22,8
1150,18,-21,8
1151,19,-24,10
1152,19,-23,10
1153,18,-22,10
1154,18,-21,10
1155,18,-20,8
1156,18,-19,8
1157,18,-20,9
1158,18,-19,9
1159,18,-18,8
1160,18,-17,8
1161,18,-18,9
1162,18,-17,9
1163,6,-16,7
1164,7,-16,7
1165,6,-15,7
1166,7,-15,7
1167,6,-14,7
1168,7,-14,7
1169,6,-13,7
1170,7,-13,7
1171,5,-12,7
1172,5,-11,7
1173,6,-12,7
1174,7,-12,7
1175,6,-11,7
1176,7,-11,7
1177,5,-10,7
1178,5,-9,7
1179,7,-10,7
1180,7,-9,7
1181,8,-16,7
1182,8,-15,7
1183,8,-14,7
1184,8,-13,7
1185,12,-16,6
1186,12,-15,6
1187,15,-16,6
1188,15,-15,6
1189,12,-14,6
1190,12,-13,6
1191,15,-14,6
1192,15,-13,6
1193,8,-12,7
1194,8,-11,7
1195,8,-10,7
1196,8,-9,7
1197,12,-12,6
1198,12,-11,6
1199,15,-12,6
1200,15,-11,6
1201,12,-10,7
1202,12,-9,7
1203,15,-10,6
1204,15,-9,6
1205,15,-9,7
1206,0,-7,1
1207,0,-6,0
1208,0,-5,0
1209,0,-6,1
1210,0,-5,1
1211,0,-7,2
1212,0,-7,3
1213,0,-6,2
1214,0,-5,2
1215,0,-6,3
1216,0,-5,3
1217,0,-4,0
1218,0,-3,0
1219,0,-4,1
1220,0,-3,1
1221,0,-2,0
1222,0,-1,0
1223,0,-2,1
1224,0,-1,1
1225,0,-4,2
1226,0,-3,2
1227,0,-4,3
1228,0,-3,3
1229,0,-2,2
1230,0,-1,2
1231,1,-1,2
1232,0,-2,3
1233,0,-1,3
1234,1,-1,3
1235,2,-1,2
1236,3,-1,2
1237,2,-1,3
1238,3,-1,3
1239,0,-6,4
1240,0,-5,4
1241,0,-6,5
1242,0,-5,5
1243,1,-7,7
1244,0,-6,6
1245,0,-5,6
1246,0,-6,7
1247,1,-6,7
1248,0,-5,7
1249,1,-5,7
1250,5,-8,7
1251,5,-7,7
1252,5,-6,7
1253,5,-5,7
1254,0,-4,4
1255,0,-3,4
1256,0,-4,5
1257,0,-3,5
1258,0,-2,4
1259,0,-1,4
1260,0,-2,5
1261,0,-1,5
1262,1,-1,5
1263,2,-1,5
1264,0,-4,6
1265,0,-3,6
1266,0,-4,7
1267,1,-4,7
1268,0,-3,7
1269,1,-3,7
1270,0,-2,6
1271,0,-1,6
1272,1,-1,6
1273,0,-2,7
1274,1,-2,7
1275,0,-1,7
1276,1,-1,7
1277,2,-1,6
1278,3,-1,6
1279,2,-1,7
1280,3,-1,7
1281,4,-4,7
1282,4,-3,7
1283,4,-1,6
1284,5,-1,6
1285,4,-2,7
1286,4,-1,7
1287,5,-1,7
1288,6,-1,6
1289,7,-1,6
1290,6,-1,7
1291,7,-1,7
1292,8,-8,7
1293,8,-7,7
1294,8,-6,7
1295,8,-5,7
1296,12,-8,7
1297,12,-7,7
1298,15,-8,6
1299,15,-8,7
1300,15,-7,7
1301,12,-6,7
1302,12,-5,7
1303,15,-6,7
1304,14,-5,7
1305,15,-5,7
1306,8,-4,7
1307,8,-3,7
1308,8,-1,6
1309,9,-1,6
1310,8,-2,7
1311,8,-1,7
1312,9,-1,7
1313,10,-1,6
1314,11,-1,6
1315,10,-2,7
1316,11,-2,7
1317,10,-1,7
1318,11,-1,7
1319,12,-4,7
1320,12,-3,7
1321,14,-4,7
1322,15,-4,7
1323,14,-3,7
1324,15,-3,7
1325,13,-2,6
1326,12,-1,6
1327,13,-1,6
1328,12,-2,7
1329,13,-2,7
1330,12,-1,7
1331,13,-1,7
1332,14,-2,6
1333,15,-2,6
1334,14,-1,6
1335,15,-1,6
1336,14,-2,7
1337,15,-2,7
1338,14,-1,7
1339,15,-1,7
1340,6,-16,8
1341,7,-16,8
1342,6,-15,8
1343,7,-15,8
1344,6,-16,9
1345,6,-15,9
1346,6,-14,8
1347,7,-14,8
1348,6,-13,8
1349,7,-13,8
1350,6,-14,9
1351,6,-13,9
1352,3,-9,8
1353,4,-12,8
1354,4,-11,8
1355,6,-12,8
1356,6,-11,8
1357,6,-12,9
1358,6,-11,9
1359,4,-10,8
1360,5,-10,9
1361,5,-9,9
1362,6,-10,8
1363,7,-10,8
1364,6,-9,8
1365,7,-9,8
1366,8,-16,8
1367,9,-16,8
1368,8,-15,8
1369,9,-15,8
1370,9,-16,9
1371,9,-15,9
1372,10,-16,8
1373,11,-16,8
1374,10,-15,8
1375,11,-15,8
1376,8,-14,8
1377,9,-14,8
1378,8,-13,8
1379,9,-13,8
1380,9,-14,9
1381,9,-13,9
1382,10,-14,8
1383,11,-14,8
1384,10,-13,8
1385,11,-13,8
1386,10,-16,10
1387,10,-15,10
1388,10,-14,10
1389,10,-13,10
1390,12,-16,8
1391,12,-15,8
1392,14,-16,9
1393,14,-15,9
1394,12,-14,8
1395,12,-13,8
1396,14,-14,9
1397,14,-13,9
1398,8,-12,8
1399,9,-12,8
1400,8,-11,8
1401,9,-11,8
1402,9,-12,9
1403,9,-11,9
1404,10,-12,8
1405,11,-12,8
1406,10,-11,8
1407,11,-11,8
1408,8,-10,8
1409,9,-10,8
1410,8,-9,8
1411,9,-9,8
1412,9,-10,9
1413,9,-9,9
1414,10,-10,8
1415,11,-10,8
1416,10,-9,8
1417,11,-9,8
1418,10,-10,9
1419,10,-9,9
1420,10,-12,10
1421,10,-11,10
1422,12,-12,8
1423,12,-11,8
1424,14,-12,9
1425,14,-11,9
1426,12,-10,8
1427,12,-9,8
1428,13,-10,9
1429,13,-9,9
1430,0,-7,8
1431,1,-7,8
1432,2,-7,8
1433,3,-7,8
1434,0,-6,8
1435,1,-6,8
1436,0,-5,8
1437,1,-5,8
1438,2,-6,8
1439,3,-6,8
1440,2,-5,8
1441,3,-5,8
1442,5,-7,8
1443,5,-8,9
1444,6,-8,8
1445,7,-8,8
1446,6,-7,8
1447,7,-7,8
1448,5,-6,8
1449,5,-5,8
1450,6,-6,8
1451,7,-6,8
1452,6,-5,8
1453,7,-5,8
1454,0,-4,8
1455,1,-4,8
1456,0,-3,8
1457,1,-3,8
1458,2,-4,8
1459,3,-4,8
1460,2,-3,8
1461,3,-3,8
1462,0,-2,8
1463,1,-2,8
1464,0,-1,8
1465,1,-1,8
1466,0,-1,9
1467,1,-1,9
1468,2,-2,8
1469,3,-2,8
1470,2,-1,8
1471,3,-1,8
1472,2,-1,9
1473,3,-1,9
1474,4,-4,8
1475,5,-4,8
1476,4,-3,8
1477,5,-3,8
1478,6,-4,8
1479,7,-4,8
1480,6,-3,8
1481,7,-3,8
1482,4,-2,8
1483,5,-2,8
1484,4,-1,8
1485,5,-1,8
1486,4,-1,9
1487,5,-1,9
1488,6,-2,8
1489,7,-2,8
1490,6,-1,8
1491,7,-1,8
1492,8,-8,8
1493,9,-8,8
1494,8,-7,8
1495,9,-7,8
1496,10,-8,8
1497,11,-8,8
1498,10,-7,8
1499,11,-7,8
1500,10,-8,9
1501,10,-7,9
1502,8,-6,8
1503,9,-6,8
1504,8,-5,8
1505,9,-5,8
1506,10,-6,8
1507,11,-6,8
1508,10,-5,8
1509,11,-5,8
1510,10,-6,9
1511,10,-5,9
1512,12,-8,8
1513,12,-7,8
1514,13,-8,9
1515,13,-7,9
1516,12,-6,8
1517,12,-5,8
1518,13,-5,8
1519,13,-6,9
1520,8,-4,8
1521,9,-4,8
1522,8,-3,8
1523,9,-3,8
1524,10,-4,8
1525,11,-4,8
1526,10,-3,8
1527,11,-3,8
1528,8,-2,8
1529,9,-2,8
1530,8,-1,8
1531,9,-1,8
1532,10,-2,8
1533,11,-2,8
1534,10,-1,8
1535,11,-1,8
1536,12,-4,8
1537,13,-4,8
1538,12,-3,8
1539,13,-3,8
1540,14,-3,8
1541,12,-2,8
1542,13,-2,8
1543,12,-1,8
1544,13,-1,8
1545,14,-2,8
1546,14,-1,8
1547,15,-1,8
1548,16,-16,6
1549,17,-16,6
1550,16,-15,6
1551,17,-15,6
1552,17,-16,7
1553,17,-15,7
1554,18,-16,6
1555,18,-15,6
1556,18,-16,7
1557,18,-15,7
1558,16,-14,6
1559,17,-14,6
1560,16,-13,6
1561,17,-13,6
1562,17,-14,7
1563,17,-13,7
1564,18,-14,6
1565,18,-13,6
1566,18,-14,7
1567,18,-13,7
1568,16,-12,6
1569,17,-12,6
1570,16,-11,6
1571,17,-11,6
1572,16,-12,7
1573,17,-12,7
1574,16,-11,7
1575,17,-11,7
1576,18,-12,6
1577,16,-10,6
1578,17,-10,6
1579,16,-9,6
1580,17,-9,6
1581,16,-10,7
1582,17,-10,7
1583,16,-9,7
1584,17,-9,7
1585,16,-8,6
1586,16,-7,6
1587,16,-8,7
1588,17,-8,7
1589,16,-7,7
1590,17,-7,7
1591,16,-6,6
1592,16,-6,7
1593,17,-6,7
1594,16,-5,7
1595,17,-5,7
1596,17,-1,5
1597,18,-1,5
1598,19,-1,5
1599,16,-4,7
1600,17,-4,7
1601,16,-3,7
1602,17,-3,7
1603,18,-3,7
1604,19,-3,7
1605,16,-2,6
1606,17,-2,6
1607,16,-1,6
1608,17,-1,6
1609,16,-2,7
1610,16,-1,7
1611,17,-1,7
1612,18,-2,6
1613,19,-2,6
1614,18,-1,6
1615,18,-1,7
1616,19,-1,7
1617,22,-3,5
1618,23,-3,5
1619,21,-2,5
1620,20,-1,5
1621,23,-2,4
1622,22,-2,5
1623,23,-2,5
1624,20,-3,7
1625,21,-3,7
1626,22,-4,7
1627,23,-4,7
1628,22,-3,7
1629,23,-3,7
1630,20,-2,6
1631,21,-2,6
1632,21,-1,6
1633,20,-1,7
1634,21,-1,7
1635,22,-1,6
1636,23,-1,6
1637,22,-1,7
1638,23,-1,7
1639,26,-2,3
1640,27,-2,3
1641,28,-2,3
1642,29,-2,3
1643,30,-2,2
1644,31,-2,2
1645,28,-5,6
1646,29,-5,6
1647,30,-5,6
1648,31,-5,6
1649,31,-5,7
1650,24,-3,5
1651,25,-3,5
1652,26,-3,5
1653,27,-3,5
1654,24,-2,4
1655,25,-2,4
1656,24,-2,5
1657,25,-2,5
1658,25,-1,5
1659,26,-2,5
1660,27,-2,5
1661,26,-1,5
1662,27,-1,5
1663,25,-4,6
1664,24,-4,7
1665,25,-4,7
1666,26,-4,6
1667,27,-4,6
1668,26,-4,7
1669,27,-4,7
1670,24,-1,6
1671,25,-1,6
1672,24,-1,7
1673,25,-1,7
1674,26,-1,6
1675,27,-1,6
1676,28,-3,5
1677,29,-3,5
1678,30,-4,4
1679,31,-4,4
1680,29,-2,4
1681,28,-2,5
1682,28,-1,5
1683,29,-1,5
1684,30,-2,4
1685,31,-2,4
1686,30,-1,5
1687,31,-1,5
1688,28,-4,7
1689,29,-4,7
1690,30,-4,7
1691,28,-1,6
1692,29,-1,6
1693,30,-1,6
1694,31,-1,6
1695,18,-16,8
1696,18,-15,8
1697,18,-16,9
1698,18,-15,9
1699,17,-14,8
1700,17,-13,8
1701,17,-13,9
1702,18,-14,9
1703,17,-12,8
1704,17,-11,8
1705,17,-10,8
1706,17,-9,8
1707,17,-8,8
1708,17,-7,8
1709,17,-6,8
1710,17,-5,8
1711,16,-1,8
1712,17,-1,8
1713,16,-1,9
1714,17,-1,9
1715,18,-1,8
1716,19,-1,8
1717,18,-1,9
1718,19,-1,9
1719,21,-2,8
1720,20,-1,8
1721,21,-1,8
1722,20,-1,9
1723,21,-1,9
1724,22,-2,8
1725,23,-2,8
1726,22,-1,8
1727,23,-1,8
1728,22,-1,9
1729,23,-1,10
1730,24,-2,8
1731,25,-2,8
1732,24,-1,8
1733,25,-1,8
1734,26,-2,8
1735,27,-2,8
1736,26,-1,8
1737,27,-1,8
1738,24,-1,10
1739,28,-2,8
1740,29,-2,8
1741,28,-1,8
1742,29,-1,8
1743,28,-1,9
1744,29,-1,9
1745,30,-2,8
1746,31,-2,8
1747,30,-1,8
1748,31,-1,8
1749,30,-1,9
1750,31,-1,9
1751,-31,0,4
1752,-30,0,4
1753,-29,0,5
1754,-31,0,6
1755,-32,0,7
1756,-31,0,7
1757,-30,0,6
1758,-29,0,6
1759,-30,0,7
1760,-29,0,7
1761,-28,0,5
1762,-27,0,5
1763,-26,0,5
1764,-25,0,5
1765,-28,0,6
1766,-28,0,7
1767,-27,0,7
1768,-26,0,7
1769,-25,0,7
1770,-24,0,5
1771,-23,0,5
1772,-22,0,5
1773,-24,0,7
1774,-23,0,7
1775,-21,0,6
1776,-22,0,7
1777,-21,0,7
1778,-20,0,6
1779,-19,0,6
1780,-20,0,7
1781,-19,0,7
1782,-18,0,6
1783,-17,0,6
1784,-18,0,7
1785,-17,0,7
1786,-31,0,8
1787,-32,1,8
1788,-31,1,8
1789,-30,0,8
1790,-29,0,8
1791,-30,1,8
1792,-29,1,8
1793,-31,3,8
1794,-31,3,9
1795,-30,3,8
1796,-29,3,8
1797,-30,3,9
1798,-29,3,9
1799,-31,2,10
1800,-30,2,10
1801,-29,2,10
1802,-28,0,8
1803,-27,0,8
1804,-28,1,8
1805,-27,1,8
1806,-26,0,8
1807,-25,0,8
1808,-26,1,8
1809,-25,1,8
1810,-28,3,8
1811,-27,3,8
1812,-28,3,9
1813,-27,3,9
1814,-26,2,8
1815,-25,2,8
1816,-26,2,9
1817,-25,2,9
1818,-26,3,9
1819,-25,3,9
1820,-28,2,10
1821,-27,2,10
1822,-26,2,10
1823,-25,2,10
1824,-31,0,13
1825,-30,0,13
1826,-29,0,13
1827,-28,0,12
1828,-27,0,12
1829,-26,0,12
1830,-25,0,12
1831,-24,0,8
1832,-23,0,8
1833,-24,1,8
1834,-23,1,8
1835,-22,0,8
1836,-21,0,8
1837,-22,1,8
1838,-21,1,8
1839,-21,1,9
1840,-24,2,8
1841,-23,2,8
1842,-24,2,9
1843,-23,2,9
1844,-22,2,8
1845,-21,2,8
1846,-22,2,9
1847,-21,2,9
1848,-24,2,10
1849,-23,2,10
1850,-22,2,10
1851,-20,0,8
1852,-19,0,8
1853,-20,1,8
1854,-19,1,8
1855,-20,1,9
1856,-19,1,9
1857,-18,0,8
1858,-17,0,8
1859,-18,1,8
1860,-17,1,8
1861,-18,1,9
1862,-17,1,9
1863,-20,2,8
1864,-19,2,8
1865,-20,2,9
1866,-19,2,9
1867,-18,2,8
1868,-17,2,8
1869,-18,2,9
1870,-17,2,9
1871,-19,0,11
1872,-18,0,11
1873,-17,0,11
1874,-24,0,12
1875,-23,0,12
1876,-22,0,12
1877,-21,0,12
1878,-20,0,12
1879,-16,0,6
1880,-15,0,6
1881,-16,0,7
1882,-15,0,7
1883,-14,0,6
1884,-13,0,6
1885,-14,0,7
1886,-13,0,7
1887,-12,0,7
1888,-11,0,7
1889,-10,0,7
1890,-9,0,7
1891,-5,0,3
1892,-4,0,0
1893,-3,0,0
1894,-4,0,1
1895,-3,0,1
1896,-2,0,0
1897,-1,0,0
1898,-2,0,1
1899,-1,0,1
1900,-4,0,2
1901,-3,0,2
1902,-4,0,3
1903,-3,0,3
1904,-2,0,2
1905,-1,0,2
1906,-2,0,3
1907,-1,0,3
1908,-5,0,5
1909,-8,0,7
1910,-7,0,7
1911,-6,0,7
1912,-5,0,7
1913,-4,0,4
1914,-3,0,4
1915,-4,0,5
1916,-3,0,5
1917,-2,0,4
1918,-1,0,4
1919,-2,0,5
1920,-1,0,5
1921,-1,1,5
1922,-1,2,5
1923,-1,3,5
1924,-4,0,7
1925,-3,0,7
1926,-2,0,7
1927,-1,0,7
1928,-1,1,7
1929,-1,2,7
1930,-1,3,7
1931,-1,4,5
1932,-1,5,5
1933,-1,4,7
1934,-1,5,7
1935,-16,0,8
1936,-15,0,8
1937,-16,1,8
1938,-15,1,8
1939,-16,1,9
1940,-15,1,9
1941,-14,0,8
1942,-13,0,8
1943,-14,1,8
1944,-13,1,8
1945,-14,1,9
1946,-13,1,9
1947,-16,2,9
1948,-15,2,9
1949,-16,0,11
1950,-15,0,11
1951,-14,0,11
1952,-13,0,11
1953,-12,0,8
1954,-11,0,8
1955,-12,1,8
1956,-11,1,8
1957,-12,0,9
1958,-11,0,9
1959,-12,1,9
1960,-11,1,9
1961,-10,0,8
1962,-9,0,8
1963,-10,1,8
1964,-9,1,8
1965,-10,0,9
1966,-9,0,9
1967,-10,1,9
1968,-9,1,9
1969,-12,0,11
1970,-8,0,8
1971,-7,0,8
1972,-8,1,8
1973,-7,1,8
1974,-8,0,9
1975,-7,0,9
1976,-8,1,9
1977,-6,0,8
1978,-5,0,8
1979,-6,1,8
1980,-5,1,8
1981,-6,0,9
1982,-4,0,8
1983,-3,0,8
1984,-2,0,8
1985,-1,0,8
1986,-1,1,8
1987,-1,2,8
1988,-1,3,8
1989,-1,4,8
1990,-1,5,8
1991,0,0,0
1992,1,0,0
1993,0,1,0
1994,0,0,1
1995,1,0,1
1996,0,1,1
1997,2,0,0
1998,3,0,0
1999,3,1,0
2000,2,0,1
2001,3,0,1
2002,0,2,0
2003,0,3,0
2004,0,2,1
2005,0,3,1
2006,0,0,2
2007,1,0,2
2008,0,1,2
2009,0,0,3
2010,1,0,3
2011,0,1,3
2012,2,0,2
2013,3,0,2
2014,2,0,3
2015,3,0,3
2016,0,2,2
2017,0,3,2
2018,0,2,3
2019,0,3,3
2020,4,0,0
2021,5,0,0
2022,4,1,0
2023,5,1,0
2024,4,1,1
2025,5,1,1
2026,6,0,0
2027,6,1,0
2028,7,1,0
2029,6,1,1
2030,7,1,1
2031,4,0,2
2032,5,0,2
2033,4,1,2
2034,5,1,2
2035,4,0,3
2036,5,0,3
2037,4,1,3
2038,6,0,2
2039,7,0,2
2040,6,1,2
2041,6,0,3
2042,7,0,3
2043,7,1,3
2044,0,4,0
2045,0,5,0
2046,0,4,1
2047,0,5,1
2048,0,6,0
2049,0,4,2
2050,0,5,2
2051,0,4,3
2052,0,5,3
2053,0,6,3
2054,0,0,4
2055,1,0,4
2056,0,1,4
2057,0,0,5
2058,1,0,5
2059,0,1,5
2060,2,0,4
2061,3,0,4
2062,3,1,4
2063,3,0,5
2064,2,1,5
2065,3,1,5
2066,0,2,4
2067,0,3,4
2068,0,2,5
2069,0,3,5
2070,0,0,6
2071,0,1,6
2072,0,0,7
2073,1,0,7
2074,0,1,7
2075,1,1,7
2076,2,0,6
2077,3,0,6
2078,2,0,7
2079,3,0,7
2080,0,2,6
2081,0,3,6
2082,0,2,7
2083,1,2,7
2084,0,3,7
2085,1,3,7
2086,4,1,4
2087,5,1,4
2088,4,0,5
2089,5,0,5
2090,4,1,5
2091,5,1,5
2092,6,1,4
2093,7,1,4
2094,6,0,5
2095,7,0,5
2096,7,1,5
2097,4,0,6
2098,5,0,6
2099,5,1,6
2100,4,0,7
2101,5,0,7
2102,4,1,7
2103,5,1,7
2104,6,0,6
2105,7,0,6
2106,6,1,6
2107,7,1,6
2108,6,0,7
2109,7,0,7
2110,6,1,7
2111,7,1,7
2112,4,2,7
2113,4,3,7
2114,0,4,4
2115,0,5,4
2116,0,4,5
2117,0,5,5
2118,0,6,4
2119,0,4,6
2120,0,5,6
2121,0,4,7
2122,1,4,7
2123,0,5,7
2124,1,5,7
2125,4,4,7
2126,4,5,7
2127,8,1,0
2128,9,1,0
2129,8,1,1
2130,9,1,1
2131,9,2,0
2132,10,2,0
2133,11,2,0
2134,10,2,1
2135,11,2,1
2136,8,0,2
2137,8,0,3
2138,9,0,3
2139,8,1,3
2140,9,1,3
2141,10,1,3
2142,11,1,3
2143,11,2,3
2144,12,2,0
2145,13,2,0
2146,12,2,1
2147,13,2,1
2148,14,2,0
2149,15,2,0
2150,14,3,0
2151,15,3,0
2152,14,2,1
2153,15,2,1
2154,12,1,3
2155,13,1,3
2156,14,1,3
2157,15,1,3
2158,12,2,3
2159,13,2,3
2160,14,2,3
2161,15,2,3
2162,8,1,4
2163,9,1,4
2164,8,0,5
2165,8,1,5
2166,9,1,5
2167,11,1,4
2168,10,1,5
2169,11,1,5
2170,8,2,4
2171,9,2,4
2172,10,2,4
2173,11,2,4
2174,8,0,6
2175,9,0,6
2176,8,1,6
2177,9,1,6
2178,8,0,7
2179,9,0,7
2180,8,1,7
2181,9,1,7
2182,10,0,6
2183,11,0,6
2184,10,1,6
2185,11,1,6
2186,10,0,7
2187,11,0,7
2188,10,1,7
2189,11,1,7
2190,8,2,7
2191,8,3,7
2192,10,2,7
2193,10,3,7
2194,12,1,4
2195,13,1,4
2196,12,1,5
2197,13,1,5
2198,14,1,4
2199,15,1,4
2200,14,1,5
2201,15,1,5
2202,12,2,4
2203,13,2,4
2204,13,2,5
2205,14,2,4
2206,15,2,4
2207,14,3,4
2208,15,3,4
2209,14,2,5
2210,15,2,5
2211,12,0,6
2212,13,0,6
2213,12,1,6
2214,13,1,6
2215,12,0,7
2216,13,0,7
2217,12,1,7
2218,13,1,7
2219,14,0,6
2220,15,0,6
2221,14,1,6
2222,15,1,6
2223,14,0,7
2224,15,0,7
2225,14,1,7
2226,15,1,7
2227,12,2,7
2228,13,2,7
2229,12,3,7
2230,15,2,6
2231,14,2,7
2232,15,2,7
2233,14,3,7
2234,15,3,7
2235,8,4,7
2236,8,5,7
2237,10,4,7
2238,10,5,7
2239,8,6,7
2240,9,6,7
2241,8,7,7
2242,9,7,7
2243,10,6,7
2244,10,7,7
2245,12,4,7
2246,13,4,7
2247,12,5,7
2248,13,5,7
2249,15,5,6
2250,14,4,7
2251,15,4,7
2252,14,5,7
2253,15,5,7
2254,12,6,7
2255,13,6,7
2256,12,7,7
2257,13,7,7
2258,15,6,6
2259,15,7,6
2260,14,6,7
2261,15,6,7
2262,14,7,7
2263,15,7,7
2264,8,8,7
2265,9,8,7
2266,8,9,7
2267,9,9,7
2268,10,8,6
2269,10,9,6
2270,8,10,7
2271,9,10,7
2272,8,11,7
2273,9,11,7
2274,10,10,6
2275,10,11,6
2276,12,8,7
2277,13,8,7
2278,13,9,7
2279,15,8,6
2280,15,9,6
2281,14,8,7
2282,15,8,7
2283,14,9,7
2284,15,9,7
2285,12,10,7
2286,12,11,7
2287,13,11,7
2288,15,10,6
2289,15,11,6
2290,14,10,7
2291,15,10,7
2292,14,11,7
2293,15,11,7
2294,10,14,5
2295,10,15,5
2296,8,13,6
2297,8,12,7
2298,9,12,7
2299,8,13,7
2300,9,13,7
2301,10,12,6
2302,10,13,6
2303,8,14,6
2304,8,15,6
2305,8,14,7
2306,9,14,7
2307,8,15,7
2308,9,15,7
2309,15,12,5
2310,14,13,5
2311,14,14,5
2312,14,15,5
2313,12,12,7
2314,13,12,7
2315,12,13,7
2316,13,13,7
2317,15,12,6
2318,15,13,6
2319,14,12,7
2320,15,12,7
2321,14,13,7
2322,12,15,6
2323,12,14,7
2324,13,14,7
2325,13,15,7
2326,15,14,6
2327,14,15,6
2328,14,14,7
2329,14,15,7
2330,0,0,8
2331,1,0,8
2332,0,1,8
2333,1,1,8
2334,2,0,8
2335,3,0,8
2336,2,1,8
2337,3,1,8
2338,3,0,9
2339,0,2,8
2340,1,2,8
2341,0,3,8
2342,1,3,8
2343,2,2,8
2344,3,2,8
2345,2,3,8
2346,3,3,8
2347,4,0,8
2348,5,0,8
2349,4,1,8
2350,5,1,8
2351,4,0,9
2352,5,0,9
2353,6,0,8
2354,7,0,8
2355,6,1,8
2356,7,1,8
2357,6,0,9
2358,7,0,9
2359,4,2,8
2360,5,2,8
2361,4,3,8
2362,5,3,8
2363,6,2,8
2364,7,2,8
2365,6,3,8
2366,7,3,8
2367,0,4,8
2368,1,4,8
2369,0,5,8
2370,1,5,8
2371,2,4,8
2372,3,4,8
2373,2,5,8
2374,3,5,8
2375,5,4,8
2376,5,5,8
2377,6,4,8
2378,7,4,8
2379,6,5,8
2380,7,5,8
2381,5,6,8
2382,5,7,8
2383,6,6,8
2384,7,6,8
2385,6,7,8
2386,7,7,8
2387,7,7,9
2388,8,0,8
2389,9,0,8
2390,8,1,8
2391,9,1,8
2392,8,0,9
2393,9,0,9
2394,10,0,8
2395,11,0,8
2396,10,1,8
2397,11,1,8
2398,10,0,9
2399,11,0,9
2400,10,1,9
2401,11,1,9
2402,8,2,8
2403,9,2,8
2404,8,3,8
2405,9,3,8
2406,10,2,8
2407,11,2,8
2408,10,3,8
2409,11,3,8
2410,9,0,10
2411,10,0,10
2412,11,0,10
2413,12,0,8
2414,13,0,8
2415,12,1,8
2416,13,1,8
2417,12,0,9
2418,13,0,9
2419,12,1,9
2420,13,1,9
2421,14,0,8
2422,15,0,8
2423,14,1,8
2424,15,1,8
2425,14,0,9
2426,15,0,9
2427,14,1,9
2428,15,1,9
2429,12,2,8
2430,13,2,8
2431,12,3,8
2432,13,3,8
2433,14,2,8
2434,15,2,8
2435,14,3,8
2436,15,3,8
2437,14,2,9
2438,15,2,9
2439,12,0,10
2440,13,0,10
2441,14,0,11
2442,15,0,11
2443,8,4,8
2444,9,4,8
2445,8,5,8
2446,9,5,8
2447,10,4,8
2448,11,4,8
2449,10,5,8
2450,11,5,8
2451,8,6,8
2452,9,6,8
2453,8,7,8
2454,9,7,8
2455,10,6,8
2456,11,6,8
2457,10,7,8
2458,11,7,8
2459,12,4,8
2460,13,4,8
2461,12,5,8
2462,14,4,9
2463,14,5,9
2464,12,6,8
2465,12,7,8
2466,13,6,9
2467,13,7,9
2468,14,6,8
2469,14,7,8
2470,5,8,8
2471,4,9,8
2472,5,9,8
2473,7,8,9
2474,7,9,9
2475,4,10,8
2476,4,11,8
2477,5,10,9
2478,5,11,9
2479,7,10,9
2480,7,11,9
2481,4,12,8
2482,4,13,8
2483,5,12,9
2484,4,13,9
2485,5,13,9
2486,7,12,9
2487,6,13,9
2488,7,13,9
2489,4,14,8
2490,4,15,8
2491,4,14,9
2492,5,14,9
2493,4,15,9
2494,5,15,9
2495,6,14,9
2496,7,14,9
2497,6,15,9
2498,7,15,9
2499,8,8,8
2500,9,8,8
2501,8,9,8
2502,9,9,8
2503,10,8,8
2504,11,8,8
2505,10,9,8
2506,11,9,8
2507,8,10,8
2508,9,10,8
2509,8,11,8
2510,9,11,8
2511,10,10,8
2512,11,10,8
2513,10,11,8
2514,11,11,8
2515,12,8,8
2516,13,8,8
2517,12,9,8
2518,13,9,8
2519,13,8,9
2520,13,9,9
2521,14,8,8
2522,14,9,8
2523,12,10,8
2524,13,10,8
2525,12,11,8
2526,13,10,9
2527,14,10,8
2528,15,10,8
2529,14,11,8
2530,15,11,8
2531,13,11,10
2532,8,12,8
2533,9,12,8
2534,8,13,8
2535,9,13,8
2536,10,12,8
2537,11,12,8
2538,10,13,8
2539,11,13,8
2540,8,14,8
2541,9,14,8
2542,8,15,8
2543,9,15,8
2544,10,14,8
2545,11,14,8
2546,10,15,8
2547,11,15,8
2548,12,12,8
2549,12,13,8
2550,14,12,8
2551,14,13,8
2552,12,14,8
2553,12,15,8
2554,14,14,8
2555,14,15,8
2556,13,12,10
2557,13,13,10
2558,13,14,10
2559,13,15,10
2560,16,3,0
2561,17,3,0
2562,16,3,1
2563,17,3,1
2564,18,3,0
2565,19,3,0
2566,18,3,1
2567,19,3,1
2568,16,1,3
2569,16,2,2
2570,17,2,2
2571,16,2,3
2572,17,2,3
2573,17,3,3
2574,18,2,2
2575,19,2,2
2576,18,2,3
2577,19,2,3
2578,18,3,3
2579,19,3,3
2580,20,3,0
2581,21,3,0
2582,20,3,1
2583,22,3,0
2584,20,2,2
2585,21,2,2
2586,20,2,3
2587,21,2,3
2588,20,3,3
2589,22,2,2
2590,23,2,2
2591,22,3,2
2592,23,3,2
2593,22,2,3
2594,23,2,3
2595,19,4,0
2596,20,4,0
2597,21,4,0
2598,21,4,1
2599,22,4,0
2600,23,4,0
2601,22,4,1
2602,23,4,1
2603,20,4,3
2604,21,4,3
2605,22,4,3
2606,23,4,3
2607,16,1,5
2608,17,1,5
2609,16,2,4
2610,17,2,4
2611,16,3,4
2612,17,3,4
2613,16,2,5
2614,16,3,5
2615,17,3,5
2616,18,2,4
2617,19,2,4
2618,18,3,4
2619,19,3,4
2620,18,2,5
2621,19,2,5
2622,18,3,5
2623,19,3,5
2624,16,0,6
2625,17,0,6
2626,16,1,6
2627,17,1,6
2628,16,0,7
2629,17,0,7
2630,16,1,7
2631,17,1,7
2632,18,0,6
2633,19,0,6
2634,18,1,6
2635,19,1,6
2636,18,0,7
2637,19,0,7
2638,18,1,7
2639,19,1,7
2640,16,2,6
2641,17,2,6
2642,16,2,7
2643,17,2,7
2644,16,3,7
2645,18,2,6
2646,19,2,6
2647,18,2,7
2648,19,2,7
2649,22,1,5
2650,23,1,5
2651,20,2,4
2652,20,3,4
2653,21,3,4
2654,20,2,5
2655,21,2,5
2656,20,3,5
2657,21,3,5
2658,22,2,4
2659,23,2,4
2660,22,3,4
2661,23,3,4
2662,22,2,5
2663,23,2,5
2664,22,3,5
2665,20,0,6
2666,21,0,6
2667,20,1,6
2668,21,1,6
2669,20,1,7
2670,21,1,7
2671,22,1,6
2672,23,1,6
2673,22,1,7
2674,23,1,7
2675,20,2,6
2676,21,2,6
2677,21,3,6
2678,20,2,7
2679,21,2,7
2680,20,3,7
2681,21,3,7
2682,22,2,6
2683,23,2,6
2684,22,3,6
2685,23,3,6
2686,22,2,7
2687,23,2,7
2688,22,3,7
2689,23,3,7
2690,16,4,6
2691,16,4,7
2692,23,4,5
2693,26,3,1
2694,27,3,1
2695,24,2,2
2696,25,2,2
2697,24,3,2
2698,25,3,2
2699,24,3,3
2700,25,3,3
2701,26,3,2
2702,27,3,2
2703,26,3,3
2704,28,3,1
2705,29,3,1
2706,31,3,0
2707,30,3,1
2708,30,3,3
2709,31,3,3
2710,24,4,0
2711,25,4,0
2712,25,5,0
2713,24,4,1
2714,25,4,1
2715,26,4,0
2716,27,4,0
2717,26,5,0
2718,27,5,0
2719,26,4,1
2720,26,5,1
2721,27,5,1
2722,24,4,3
2723,25,4,3
2724,26,4,3
2725,26,5,3
2726,27,5,3
2727,28,4,0
2728,28,5,0
2729,29,5,0
2730,28,5,1
2731,29,5,1
2732,30,5,0
2733,31,5,0
2734,30,5,1
2735,31,5,1
2736,30,6,0
2737,31,6,0
2738,28,4,2
2739,29,4,2
2740,28,5,3
2741,29,5,3
2742,30,4,2
2743,31,4,2
2744,30,5,3
2745,31,5,3
2746,24,1,5
2747,24,2,4
2748,25,2,4
2749,24,3,4
2750,25,3,4
2751,24,2,5
2752,25,2,5
2753,26,2,4
2754,27,2,4
2755,26,3,4
2756,27,3,4
2757,26,2,5
2758,27,2,5
2759,26,3,5
2760,27,3,5
2761,24,1,6
2762,25,1,6
2763,24,1,7
2764,25,1,7
2765,24,2,6
2766,25,2,6
2767,24,3,6
2768,25,3,6
2769,24,2,7
2770,25,2,7
2771,24,3,7
2772,25,3,7
2773,26,2,6
2774,27,2,6
2775,26,3,6
2776,27,3,6
2777,26,2,7
2778,27,2,7
2779,26,3,7
2780,27,3,7
2781,28,2,4
2782,29,2,4
2783,28,3,4
2784,29,3,4
2785,28,2,5
2786,29,2,5
2787,28,3,5
2788,29,3,5
2789,30,2,4
2790,31,2,4
2791,30,3,5
2792,31,3,5
2793,28,2,6
2794,29,2,6
2795,28,3,6
2796,29,3,6
2797,28,2,7
2798,29,2,7
2799,28,3,7
2800,29,3,7
2801,30,2,6
2802,31,2,6
2803,30,3,6
2804,31,3,6
2805,30,3,7
2806,31,3,7
2807,24,4,4
2808,25,4,4
2809,24,4,5
2810,25,4,5
2811,26,4,4
2812,27,4,4
2813,26,4,5
2814,27,4,5
2815,25,4,6
2816,26,4,6
2817,27,4,6
2818,27,4,7
2819,28,4,4
2820,29,4,4
2821,28,4,5
2822,29,5,5
2823,30,4,4
2824,31,4,4
2825,30,5,4
2826,31,5,4
2827,30,5,5
2828,31,5,5
2829,28,4,6
2830,29,4,6
2831,29,5,6
2832,28,4,7
2833,29,4,7
2834,30,4,6
2835,31,4,6
2836,30,5,6
2837,31,5,6
2838,30,4,7
2839,31,4,7
2840,16,0,8
2841,17,0,8
2842,16,1,8
2843,17,1,8
2844,16,0,9
2845,17,0,9
2846,16,1,9
2847,17,1,9
2848,18,0,8
2849,19,0,8
2850,18,1,8
2851,19,1,8
2852,18,0,9
2853,19,0,9
2854,18,1,9
2855,19,1,9
2856,16,2,8
2857,17,2,8
2858,16,3,8
2859,17,3,8
2860,16,2,9
2861,17,2,9
2862,18,2,8
2863,19,2,8
2864,18,3,8
2865,19,3,8
2866,19,2,9
2867,18,3,9
2868,19,3,9
2869,16,0,11
2870,17,0,11
2871,18,0,11
2872,19,0,11
2873,17,2,10
2874,18,2,10
2875,19,2,10
2876,20,0,8
2877,21,0,8
2878,20,1,8
2879,21,1,8
2880,20,0,9
2881,21,0,9
2882,20,1,9
2883,21,1,9
2884,22,0,8
2885,23,0,8
2886,22,1,8
2887,23,1,8
2888,22,1,9
2889,23,1,9
2890,20,2,8
2891,21,2,8
2892,20,3,8
2893,21,3,8
2894,20,3,9
2895,21,3,9
2896,22,2,8
2897,23,2,8
2898,22,3,8
2899,23,3,8
2900,22,3,9
2901,23,3,9
2902,22,0,10
2903,23,0,10
2904,22,1,10
2905,23,1,10
2906,20,2,10
2907,21,3,10
2908,22,3,10
2909,23,3,10
2910,20,4,8
2911,21,4,8
2912,22,4,8
2913,23,4,8
2914,20,0,12
2915,21,0,12
2916,22,0,12
2917,23,0,12
2918,24,0,8
2919,25,0,8
2920,24,1,8
2921,25,1,8
2922,24,1,9
2923,25,1,9
2924,26,0,8
2925,27,0,8
2926,26,1,8
2927,27,1,8
2928,26,1,9
2929,27,1,9
2930,24,2,8
2931,25,2,8
2932,24,3,8
2933,25,3,8
2934,24,2,9
2935,25,2,9
2936,24,3,9
2937,26,2,8
2938,27,2,8
2939,26,3,8
2940,27,3,8
2941,26,2,9
2942,27,2,9
2943,24,0,10
2944,25,0,10
2945,24,1,10
2946,25,1,10
2947,26,0,10
2948,27,0,10
2949,26,1,10
2950,27,1,10
2951,25,2,10
2952,24,3,10
2953,24,3,11
2954,25,3,11
2955,26,2,10
2956,27,2,10
2957,28,0,8
2958,29,0,8
2959,28,1,8
2960,29,1,8
2961,28,1,9
2962,29,1,9
2963,30,0,8
2964,31,0,8
2965,30,1,8
2966,31,1,8
2967,30,1,9
2968,31,1,9
2969,28,2,8
2970,29,2,8
2971,28,3,8
2972,29,3,8
2973,28,2,9
2974,29,2,9
2975,29,3,9
2976,30,2,8
2977,31,2,8
2978,30,3,8
2979,31,3,8
2980,30,3,9
2981,31,3,9
2982,28,0,10
2983,29,0,10
2984,28,1,10
2985,29,1,10
2986,30,0,10
2987,31,0,10
2988,30,1,10
2989,31,1,10
2990,30,0,11
2991,31,0,11
2992,28,2,10
2993,29,3,11
2994,30,2,10
2995,31,2,10
2996,30,3,11
2997,31,3,11
2998,24,4,8
2999,25,4,8
3000,25,5,8
3001,24,4,9
3002,25,4,9
3003,26,4,8
3004,27,4,8
3005,26,5,8
3006,27,5,8
3007,26,4,9
3008,27,4,9
3009,25,4,10
3010,26,4,10
3011,27,4,10
3012,26,4,11
3013,27,4,11
3014,28,4,8
3015,29,4,8
3016,28,5,8
3017,29,5,8
3018,28,4,9
3019,29,5,9
3020,30,4,8
3021,31,4,8
3022,30,5,8
3023,31,5,8
3024,30,5,9
3025,31,5,9
3026,30,6,8
3027,31,6,8
3028,28,4,10
3029,29,4,10
3030,28,4,11
3031,29,4,11
3032,30,4,10
3033,31,4,10
3034,24,0,12
3035,25,0,12
3036,26,0,13
3037,27,0,13
3038,28,0,13
3039,29,0,13
3040,30,0,13
3041,31,0,14
3042,30,4,12
3043,31,4,12
3044,10,16,5
3045,10,17,5
3046,10,18,5
3047,10,19,5
3048,8,16,6
3049,8,17,6
3050,8,16,7
3051,9,16,7
3052,8,17,7
3053,9,17,7
3054,10,16,7
3055,10,17,7
3056,8,18,6
3057,8,19,6
3058,9,19,6
3059,8,18,7
3060,9,18,7
3061,8,19,7
3062,9,19,7
3063,10,18,7
3064,10,19,7
3065,14,16,5
3066,14,17,5
3067,14,19,4
3068,14,18,5
3069,12,16,6
3070,12,17,6
3071,13,16,7
3072,13,17,7
3073,14,16,6
3074,14,17,6
3075,14,16,7
3076,12,18,6
3077,12,19,6
3078,13,18,7
3079,13,19,7
3080,14,18,6
3081,14,19,6
3082,10,20,4
3083,11,21,4
3084,11,22,4
3085,11,23,4
3086,8,20,6
3087,9,20,6
3088,8,21,6
3089,9,21,6
3090,8,20,7
3091,9,20,7
3092,8,21,7
3093,9,21,7
3094,10,20,7
3095,10,21,7
3096,8,22,6
3097,9,22,6
3098,8,23,6
3099,9,23,6
3100,8,22,7
3101,9,22,7
3102,8,23,7
3103,9,23,7
3104,10,22,7
3105,10,23,7
3106,14,20,4
3107,14,21,4
3108,13,22,4
3109,13,23,4
3110,12,20,6
3111,12,21,6
3112,13,21,6
3113,13,20,7
3114,12,21,7
3115,14,20,6
3116,14,21,6
3117,12,22,6
3118,13,22,6
3119,12,23,6
3120,13,23,6
3121,12,22,7
3122,12,23,7
3123,14,22,6
3124,14,23,6
3125,11,26,3
3126,11,27,3
3127,13,27,3
3128,11,28,3
3129,11,29,3
3130,11,30,3
3131,11,31,3
3132,13,28,3
3133,13,29,3
3134,12,30,3
3135,12,31,3
3136,11,24,4
3137,11,25,4
3138,8,24,6
3139,9,24,6
3140,8,25,6
3141,9,25,6
3142,8,24,7
3143,9,24,7
3144,8,25,7
3145,9,25,7
3146,10,24,7
3147,10,25,7
3148,8,26,6
3149,9,26,6
3150,8,27,6
3151,9,27,6
3152,8,26,7
3153,9,26,7
3154,8,27,7
3155,9,27,7
3156,10,26,7
3157,10,27,7
3158,13,24,4
3159,13,25,4
3160,12,25,5
3161,13,25,5
3162,14,24,5
3163,13,26,4
3164,12,26,5
3165,13,26,5
3166,12,27,5
3167,13,27,5
3168,12,24,6
3169,13,24,6
3170,13,25,6
3171,12,24,7
3172,12,25,7
3173,13,26,6
3174,13,27,6
3175,12,26,7
3176,12,27,7
3177,11,28,5
3178,11,29,5
3179,11,30,5
3180,11,31,5
3181,8,28,6
3182,9,28,6
3183,8,29,6
3184,9,29,6
3185,8,28,7
3186,9,28,7
3187,8,29,7
3188,9,29,7
3189,10,28,7
3190,10,29,7
3191,11,29,7
3192,8,30,6
3193,9,30,6
3194,8,31,6
3195,9,31,6
3196,8,30,7
3197,9,30,7
3198,8,31,7
3199,9,31,7
3200,10,30,7
3201,11,30,7
3202,10,31,7
3203,11,31,7
3204,13,28,5
3205,13,29,5
3206,13,30,5
3207,13,31,5
3208,13,28,6
3209,12,29,6
3210,12,28,7
3211,12,30,6
3212,12,31,6
3213,4,16,8
3214,4,16,9
3215,5,16,9
3216,4,17,9
3217,5,17,9
3218,6,16,9
3219,7,16,9
3220,6,17,9
3221,7,17,9
3222,4,18,9
3223,5,18,9
3224,4,19,9
3225,5,19,9
3226,6,18,9
3227,7,18,9
3228,6,19,9
3229,7,19,9
3230,3,22,9
3231,3,23,9
3232,4,20,9
3233,5,20,9
3234,4,21,9
3235,5,21,9
3236,6,20,9
3237,7,20,9
3238,6,21,9
3239,5,22,9
3240,5,23,9
3241,6,21,10
3242,6,22,10
3243,6,23,10
3244,8,16,8
3245,8,17,8
3246,11,16,8
3247,11,17,8
3248,8,18,8
3249,8,19,8
3250,11,18,8
3251,11,19,8
3252,12,16,8
3253,13,16,8
3254,12,17,8
3255,13,17,8
3256,14,16,8
3257,14,17,8
3258,12,18,8
3259,12,19,8
3260,13,19,8
3261,13,18,9
3262,13,19,9
3263,14,18,8
3264,13,16,10
3265,12,17,11
3266,12,18,11
3267,12,19,11
3268,8,20,8
3269,8,21,8
3270,11,20,8
3271,11,21,8
3272,11,21,9
3273,8,22,8
3274,8,23,8
3275,11,22,8
3276,11,23,8
3277,11,22,9
3278,11,23,9
3279,12,20,8
3280,13,20,8
3281,12,21,8
3282,13,21,8
3283,13,20,9
3284,13,21,9
3285,12,22,8
3286,13,22,8
3287,12,23,8
3288,13,23,8
3289,13,22,9
3290,13,23,9
3291,12,20,11
3292,12,21,11
3293,12,22,11
3294,12,23,11
3295,3,24,9
3296,3,25,9
3297,3,26,9
3298,3,27,9
3299,4,24,9
3300,4,25,9
3301,4,26,9
3302,4,27,9
3303,6,24,10
3304,6,25,10
3305,6,26,10
3306,6,27,10
3307,3,28,10
3308,3,29,10
3309,2,30,10
3310,2,31,10
3311,4,28,10
3312,4,29,10
3313,6,28,10
3314,6,29,10
3315,4,30,10
3316,4,31,10
3317,6,30,10
3318,6,31,10
3319,8,24,8
3320,8,25,8
3321,11,24,8
3322,11,25,8
3323,11,24,9
3324,10,25,9
3325,11,25,9
3326,8,26,8
3327,8,27,8
3328,11,26,8
3329,11,27,8
3330,10,26,9
3331,11,26,9
3332,10,27,9
3333,11,27,9
3334,12,24,8
3335,13,24,8
3336,12,25,8
3337,13,25,8
3338,13,24,9
3339,13,25,9
3340,12,26,8
3341,12,27,8
3342,13,26,9
3343,12,27,9
3344,13,27,9
3345,8,28,8
3346,8,29,8
3347,11,28,8
3348,11,29,8
3349,10,28,9
3350,11,28,9
3351,10,29,9
3352,11,29,9
3353,8,30,8
3354,8,31,8
3355,11,30,8
3356,11,31,8
3357,10,30,9
3358,11,30,9
3359,10,31,9
3360,11,31,9
3361,12,28,9
3362,13,28,9
3363,12,29,9
3364,12,30,9
3365,12,31,9
3366,12,29,10
3367,12,30,10
3368,12,31,10
3369,11,27,12
3370,12,24,12
3371,12,25,12
3372,12,26,12
3373,11,28,12
3374,11,29,12
3375,11,30,12
3376,11,31,13
