,start_points,13:18:49,3424
0,-2,0,-2
1,-2,0,-2
2,-2,0,-2
3,-2,0,-2
4,-2,0,-1
5,-2,0,-1
6,-2,0,-1
7,-2,0,-1
8,-2,0,-1
9,-2,0,-1
10,-2,0,-1
11,-2,0,-1
12,-2,0,-1
13,-2,0,-1
14,-2,0,-1
15,-2,0,-1
16,-2,0,0
17,-2,0,0
18,-2,0,0
19,-2,0,0
20,-1,0,0
21,-1,0,0
22,-1,0,0
23,-1,0,0
24,-2,0,-1
25,-2,0,-1
26,-2,0,-1
27,-2,0,-1
28,-3,0,-2
29,-3,0,-2
30,-3,0,-2
31,-3,0,-2
32,-2,0,-2
33,-2,0,-2
34,-2,0,-2
35,-2,0,-2
36,-2,0,0
37,-2,0,0
38,-2,0,0
39,-2,0,0
40,0,0,0
41,0,0,0
42,0,0,0
43,0,0,0
44,-2,0,-1
45,-2,0,-1
46,-2,0,-1
47,-2,0,-1
48,-2,0,-2
49,-2,0,-2
50,-2,0,-2
51,-2,0,-2
52,-2,0,-2
53,-2,0,-2
54,-2,0,-2
55,-2,0,-2
56,-2,0,-2
57,-2,0,-2
58,-2,0,-2
59,-2,0,-2
60,-3,-1,-2
61,-3,-1,-2
62,-3,-1,-2
63,-3,-1,-2
64,-4,-3,-2
65,-4,-3,-2
66,-4,-3,-2
67,-4,-3,-2
68,-2,0,-1
69,-2,0,-1
70,-2,0,-1
71,-2,0,-1
72,-2,2,-2
73,-2,2,-2
74,-2,2,-2
75,-2,2,-2
76,-1,5,-2
77,-1,5,-2
78,-1,5,-2
79,-1,5,-2
80,-3,6,1
81,-3,6,1
82,-3,6,1
83,-3,6,1
84,-4,4,4
85,-4,4,4
86,-4,4,4
87,-4,4,4
88,-4,0,3
89,-4,0,3
90,-4,0,3
91,-4,0,3
92,0,-7,-2
93,0,-7,-2
94,0,-7,-2
95,0,-7,-2
96,0,-10,-2
97,0,-10,-2
98,0,-10,-2
99,0,-10,-2
100,0,-12,0
101,0,-12,0
102,0,-12,0
103,0,-12,0
104,1,-16,3
105,1,-16,3
106,1,-16,3
107,1,-16,3
108,2,-18,6
109,2,-18,6
110,2,-18,6
111,2,-18,6
112,3,-19,10
113,3,-19,10
114,3,-19,10
115,3,-19,10
116,2,-18,9
117,2,-18,9
118,2,-18,9
119,2,-18,9
120,3,-16,9
121,3,-16,9
122,3,-16,9
123,3,-16,9
124,2,-12,9
125,2,-12,9
126,2,-12,9
127,2,-12,9
128,2,-8,11
129,2,-8,11
130,2,-8,11
131,2,-8,11
132,1,-4,15
133,1,-4,15
134,1,-4,15
135,1,-4,15
136,1,0,17
137,1,0,17
138,1,0,17
139,1,0,17
140,1,0,18
141,1,0,18
142,1,0,18
143,1,0,18
144,1,1,21
145,1,1,21
146,1,1,21
147,1,1,21
148,2,0,22
149,2,0,22
150,2,0,22
151,2,0,22
152,1,2,24
153,1,2,24
154,1,2,24
155,1,2,24
156,-1,3,25
157,-1,3,25
158,-1,3,25
159,-1,3,25
160,-1,4,26
161,-1,4,26
162,-1,4,26
163,-1,4,26
164,-2,3,29
165,-2,3,29
166,-2,3,29
167,-2,3,29
168,-2,2,29
169,-2,2,29
170,-2,2,29
171,-2,2,29
172,-2,2,29
173,-2,2,29
174,-2,2,29
175,-2,2,29
176,-2,2,28
177,-2,2,28
178,-2,2,28
179,-2,2,28
180,-2,2,29
181,-2,2,29
182,-2,2,29
183,-2,2,29
184,-1,2,30
185,-1,2,30
186,-1,2,30
187,-1,2,30
188,-2,2,30
189,-2,2,30
190,-2,2,30
191,-2,2,30
192,-2,1,32
193,-2,1,32
194,-2,1,32
195,-2,1,32
196,-1,2,32
197,-1,2,32
198,-1,2,32
199,-1,2,32
200,-1,1,33
201,-1,1,33
202,-1,1,33
203,-1,1,33
204,-1,0,33
205,-1,0,33
206,-1,0,33
207,-1,0,33
208,-2,0,32
209,-2,0,32
210,-2,0,32
211,-2,0,32
212,-4,-1,29
213,-4,-1,29
214,-4,-1,29
215,-4,-1,29
216,-4,-1,28
217,-4,-1,28
218,-4,-1,28
219,-4,-1,28
220,-4,-1,30
221,-4,-1,30
222,-4,-1,30
223,-4,-1,30
224,-4,-1,31
225,-4,-1,31
226,-4,-1,31
227,-4,-1,31
228,-1,-1,33
229,-1,-1,33
230,-1,-1,33
231,-1,-1,33
232,-1,0,34
233,-1,0,34
234,-1,0,34
235,-1,0,34
236,-1,0,32
237,-1,0,32
238,-1,0,32
239,-1,0,32
240,0,0,33
241,0,0,33
242,0,0,33
243,0,0,33
244,0,0,33
245,0,0,33
246,0,0,33
247,0,0,33
248,-1,0,33
249,-1,0,33
250,-1,0,33
251,-1,0,33
252,-2,0,32
253,-2,0,32
254,-2,0,32
255,-2,0,32
256,-1,0,32
257,-1,0,32
258,-1,0,32
259,-1,0,32
260,-1,0,32
261,-1,0,32
262,-1,0,32
263,-1,0,32
264,0,0,34
265,0,0,34
266,0,0,34
267,0,0,34
268,0,-1,35
269,0,-1,35
270,0,-1,35
271,0,-1,35
272,0,0,32
273,0,0,32
274,0,0,32
275,0,0,32
276,0,-1,32
277,0,-1,32
278,0,-1,32
279,0,-1,32
280,-1,-1,32
281,-1,-1,32
282,-1,-1,32
283,-1,-1,32
284,-1,-2,34
285,-1,-2,34
286,-1,-2,34
287,-1,-2,34
288,-2,-3,35
289,-2,-3,35
290,-2,-3,35
291,-2,-3,35
292,-1,-5,34
293,-1,-5,34
294,-1,-5,34
295,-1,-5,34
296,-3,-5,33
297,-3,-5,33
298,-3,-5,33
299,-3,-5,33
300,-3,-6,32
301,-3,-6,32
302,-3,-6,32
303,-3,-6,32
304,-3,-7,33
305,-3,-7,33
306,-3,-7,33
307,-3,-7,33
308,-3,-8,33
309,-3,-8,33
310,-3,-8,33
311,-3,-8,33
312,-3,-9,33
313,-3,-9,33
314,-3,-9,33
315,-3,-9,33
316,-2,-10,34
317,-2,-10,34
318,-2,-10,34
319,-2,-10,34
320,-2,-11,34
321,-2,-11,34
322,-2,-11,34
323,-2,-11,34
324,-2,-12,33
325,-2,-12,33
326,-2,-12,33
327,-2,-12,33
328,-1,-14,33
329,-1,-14,33
330,-1,-14,33
331,-1,-14,33
332,0,-14,34
333,0,-14,34
334,0,-14,34
335,0,-14,34
336,-1,-15,33
337,-1,-15,33
338,-1,-15,33
339,-1,-15,33
340,-3,-17,31
341,-3,-17,31
342,-3,-17,31
343,-3,-17,31
344,-1,-18,31
345,-1,-18,31
346,-1,-18,31
347,-1,-18,31
348,-1,-19,32
349,-1,-19,32
350,-1,-19,32
351,-1,-19,32
352,-1,-21,32
353,-1,-21,32
354,-1,-21,32
355,-1,-21,32
356,0,-21,33
357,0,-21,33
358,0,-21,33
359,0,-21,33
360,0,-22,33
361,0,-22,33
362,0,-22,33
363,0,-22,33
364,0,-22,33
365,0,-22,33
366,0,-22,33
367,0,-22,33
368,0,-23,32
369,0,-23,32
370,0,-23,32
371,0,-23,32
372,0,-23,33
373,0,-23,33
374,0,-23,33
375,0,-23,33
376,0,-25,31
377,0,-25,31
378,0,-25,31
379,0,-25,31
380,0,-26,30
381,0,-26,30
382,0,-26,30
383,0,-26,30
384,-1,-27,30
385,-1,-27,30
386,-1,-27,30
387,-1,-27,30
388,-1,-29,31
389,-1,-29,31
390,-1,-29,31
391,-1,-29,31
392,0,-32,31
393,0,-32,31
394,0,-32,31
395,0,-32,31
396,0,-35,31
397,0,-35,31
398,0,-35,31
399,0,-35,31
400,-3,-33,33
401,-3,-33,33
402,-3,-33,33
403,-3,-33,33
404,-5,-34,34
405,-5,-34,34
406,-5,-34,34
407,-5,-34,34
408,-5,-36,31
409,-5,-36,31
410,-5,-36,31
411,-5,-36,31
412,-5,-39,32
413,-5,-39,32
414,-5,-39,32
415,-5,-39,32
416,-4,-41,32
417,-4,-41,32
418,-4,-41,32
419,-4,-41,32
420,-4,-44,29
421,-4,-44,29
422,-4,-44,29
423,-4,-44,29
424,-3,-47,28
425,-3,-47,28
426,-3,-47,28
427,-3,-47,28
428,-3,-50,28
429,-3,-50,28
430,-3,-50,28
431,-3,-50,28
432,-3,-53,30
433,-3,-53,30
434,-3,-53,30
435,-3,-53,30
436,-3,-55,31
437,-3,-55,31
438,-3,-55,31
439,-3,-55,31
440,-2,-56,31
441,-2,-56,31
442,-2,-56,31
443,-2,-56,31
444,0,-57,31
445,0,-57,31
446,0,-57,31
447,0,-57,31
448,0,-59,32
449,0,-59,32
450,0,-59,32
451,0,-59,32
452,0,-60,34
453,0,-60,34
454,0,-60,34
455,0,-60,34
456,0,-60,35
457,0,-60,35
458,0,-60,35
459,0,-60,35
460,0,-66,31
461,0,-66,31
462,0,-66,31
463,0,-66,31
464,-2,-72,28
465,-2,-72,28
466,-2,-72,28
467,-2,-72,28
468,-1,-74,27
469,-1,-74,27
470,-1,-74,27
471,-1,-74,27
472,-1,-76,28
473,-1,-76,28
474,-1,-76,28
475,-1,-76,28
476,-1,-77,28
477,-1,-77,28
478,-1,-77,28
479,-1,-77,28
480,-2,-81,30
481,-2,-81,30
482,-2,-81,30
483,-2,-81,30
484,1,-80,28
485,1,-80,28
486,1,-80,28
487,1,-80,28
488,2,-82,30
489,2,-82,30
490,2,-82,30
491,2,-82,30
492,2,-85,31
493,2,-85,31
494,2,-85,31
495,2,-85,31
496,2,-88,29
497,2,-88,29
498,2,-88,29
499,2,-88,29
500,1,-91,30
501,1,-91,30
502,1,-91,30
503,1,-91,30
504,1,-93,31
505,1,-93,31
506,1,-93,31
507,1,-93,31
508,0,-95,34
509,0,-95,34
510,0,-95,34
511,0,-95,34
512,0,-98,33
513,0,-98,33
514,0,-98,33
515,0,-98,33
516,-1,-100,32
517,-1,-100,32
518,-1,-100,32
519,-1,-100,32
520,-1,-101,31
521,-1,-101,31
522,-1,-101,31
523,-1,-101,31
524,-1,-103,31
525,-1,-103,31
526,-1,-103,31
527,-1,-103,31
528,-1,-105,32
529,-1,-105,32
530,-1,-105,32
531,-1,-105,32
532,-1,-106,34
533,-1,-106,34
534,-1,-106,34
535,-1,-106,34
536,-1,-107,38
537,-1,-107,38
538,-1,-107,38
539,-1,-107,38
540,0,-109,32
541,0,-109,32
542,0,-109,32
543,0,-109,32
544,0,-112,29
545,0,-112,29
546,0,-112,29
547,0,-112,29
548,0,-113,29
549,0,-113,29
550,0,-113,29
551,0,-113,29
552,-1,-115,26
553,-1,-115,26
554,-1,-115,26
555,-1,-115,26
556,-2,-116,27
557,-2,-116,27
558,-2,-116,27
559,-2,-116,27
560,-3,-118,28
561,-3,-118,28
562,-3,-118,28
563,-3,-118,28
564,-9,-122,34
565,-9,-122,34
566,-9,-122,34
567,-9,-122,34
568,-2,-118,36
569,-2,-118,36
570,-2,-118,36
571,-2,-118,36
572,-3,-118,37
573,-3,-118,37
574,-3,-118,37
575,-3,-118,37
576,-4,-117,36
577,-4,-117,36
578,-4,-117,36
579,-4,-117,36
580,-2,-117,32
581,-2,-117,32
582,-2,-117,32
583,-2,-117,32
584,1,-127,27
585,1,-127,27
586,1,-127,27
587,1,-127,27
588,1,-134,25
589,1,-134,25
590,1,-134,25
591,1,-134,25
592,3,-138,21
593,3,-138,21
594,3,-138,21
595,3,-138,21
596,3,-140,22
597,3,-140,22
598,3,-140,22
599,3,-140,22
600,5,-138,25
601,5,-138,25
602,5,-138,25
603,5,-138,25
604,1,-139,28
605,1,-139,28
606,1,-139,28
607,1,-139,28
608,5,-131,31
609,5,-131,31
610,5,-131,31
611,5,-131,31
612,3,-128,33
613,3,-128,33
614,3,-128,33
615,3,-128,33
616,3,-129,29
617,3,-129,29
618,3,-129,29
619,3,-129,29
620,3,-130,29
621,3,-130,29
622,3,-130,29
623,3,-130,29
624,1,-132,27
625,1,-132,27
626,1,-132,27
627,1,-132,27
628,1,-134,29
629,1,-134,29
630,1,-134,29
631,1,-134,29
632,0,-135,31
633,0,-135,31
634,0,-135,31
635,0,-135,31
636,0,-138,31
637,0,-138,31
638,0,-138,31
639,0,-138,31
640,0,-144,28
641,0,-144,28
642,0,-144,28
643,0,-144,28
644,-1,-147,28
645,-1,-147,28
646,-1,-147,28
647,-1,-147,28
648,0,-147,28
649,0,-147,28
650,0,-147,28
651,0,-147,28
652,2,-147,28
653,2,-147,28
654,2,-147,28
655,2,-147,28
656,2,-144,32
657,2,-144,32
658,2,-144,32
659,2,-144,32
660,0,-143,35
661,0,-143,35
662,0,-143,35
663,0,-143,35
664,1,-142,33
665,1,-142,33
666,1,-142,33
667,1,-142,33
668,2,-143,31
669,2,-143,31
670,2,-143,31
671,2,-143,31
672,3,-145,29
673,3,-145,29
674,3,-145,29
675,3,-145,29
676,3,-147,29
677,3,-147,29
678,3,-147,29
679,3,-147,29
680,1,-148,29
681,1,-148,29
682,1,-148,29
683,1,-148,29
684,2,-149,30
685,2,-149,30
686,2,-149,30
687,2,-149,30
688,1,-150,30
689,1,-150,30
690,1,-150,30
691,1,-150,30
692,-1,-150,34
693,-1,-150,34
694,-1,-150,34
695,-1,-150,34
696,-3,-148,36
697,-3,-148,36
698,-3,-148,36
699,-3,-148,36
700,-3,-147,36
701,-3,-147,36
702,-3,-147,36
703,-3,-147,36
704,-1,-147,31
705,-1,-147,31
706,-1,-147,31
707,-1,-147,31
708,0,-147,29
709,0,-147,29
710,0,-147,29
711,0,-147,29
712,3,-147,27
713,3,-147,27
714,3,-147,27
715,3,-147,27
716,2,-150,24
717,2,-150,24
718,2,-150,24
719,2,-150,24
720,1,-150,25
721,1,-150,25
722,1,-150,25
723,1,-150,25
724,0,-151,28
725,0,-151,28
726,0,-151,28
727,0,-151,28
728,0,-150,30
729,0,-150,30
730,0,-150,30
731,0,-150,30
732,-1,-150,31
733,-1,-150,31
734,-1,-150,31
735,-1,-150,31
736,-2,-149,34
737,-2,-149,34
738,-2,-149,34
739,-2,-149,34
740,-1,-149,32
741,-1,-149,32
742,-1,-149,32
743,-1,-149,32
744,-1,-148,30
745,-1,-148,30
746,-1,-148,30
747,-1,-148,30
748,-1,-148,30
749,-1,-148,30
750,-1,-148,30
751,-1,-148,30
752,-2,-148,31
753,-2,-148,31
754,-2,-148,31
755,-2,-148,31
756,-2,-147,32
757,-2,-147,32
758,-2,-147,32
759,-2,-147,32
760,-2,-147,32
761,-2,-147,32
762,-2,-147,32
763,-2,-147,32
764,-2,-147,33
765,-2,-147,33
766,-2,-147,33
767,-2,-147,33
768,-1,-147,31
769,-1,-147,31
770,-1,-147,31
771,-1,-147,31
772,-1,-146,31
773,-1,-146,31
774,-1,-146,31
775,-1,-146,31
776,0,-146,30
777,0,-146,30
778,0,-146,30
779,0,-146,30
780,1,-146,30
781,1,-146,30
782,1,-146,30
783,1,-146,30
784,1,-147,32
785,1,-147,32
786,1,-147,32
787,1,-147,32
788,1,-146,31
789,1,-146,31
790,1,-146,31
791,1,-146,31
792,1,-146,30
793,1,-146,30
794,1,-146,30
795,1,-146,30
796,2,-147,29
797,2,-147,29
798,2,-147,29
799,2,-147,29
800,1,-147,29
801,1,-147,29
802,1,-147,29
803,1,-147,29
804,1,-148,29
805,1,-148,29
806,1,-148,29
807,1,-148,29
808,1,-148,30
809,1,-148,30
810,1,-148,30
811,1,-148,30
812,0,-149,31
813,0,-149,31
814,0,-149,31
815,0,-149,31
816,2,-149,29
817,2,-149,29
818,2,-149,29
819,2,-149,29
820,1,-148,33
821,1,-148,33
822,1,-148,33
823,1,-148,33
824,-1,-145,35
825,-1,-145,35
826,-1,-145,35
827,-1,-145,35
828,0,-146,34
829,0,-146,34
830,0,-146,34
831,0,-146,34
832,0,-145,31
833,0,-145,31
834,0,-145,31
835,0,-145,31
836,2,-147,29
837,2,-147,29
838,2,-147,29
839,2,-147,29
840,3,-152,26
841,3,-152,26
842,3,-152,26
843,3,-152,26
844,7,-150,24
845,7,-150,24
846,7,-150,24
847,7,-150,24
848,6,-151,25
849,6,-151,25
850,6,-151,25
851,6,-151,25
852,6,-150,28
853,6,-150,28
854,6,-150,28
855,6,-150,28
856,5,-150,29
857,5,-150,29
858,5,-150,29
859,5,-150,29
860,4,-149,32
861,4,-149,32
862,4,-149,32
863,4,-149,32
864,2,-148,36
865,2,-148,36
866,2,-148,36
867,2,-148,36
868,2,-149,31
869,2,-149,31
870,2,-149,31
871,2,-149,31
872,3,-149,29
873,3,-149,29
874,3,-149,29
875,3,-149,29
876,4,-150,27
877,4,-150,27
878,4,-150,27
879,4,-150,27
880,6,-150,28
881,6,-150,28
882,6,-150,28
883,6,-150,28
884,8,-150,29
885,8,-150,29
886,8,-150,29
887,8,-150,29
888,9,-149,31
889,9,-149,31
890,9,-149,31
891,9,-149,31
892,11,-149,32
893,11,-149,32
894,11,-149,32
895,11,-149,32
896,14,-150,31
897,14,-150,31
898,14,-150,31
899,14,-150,31
900,16,-151,30
901,16,-151,30
902,16,-151,30
903,16,-151,30
904,17,-152,31
905,17,-152,31
906,17,-152,31
907,17,-152,31
908,19,-152,31
909,19,-152,31
910,19,-152,31
911,19,-152,31
912,19,-152,33
913,19,-152,33
914,19,-152,33
915,19,-152,33
916,20,-154,32
917,20,-154,32
918,20,-154,32
919,20,-154,32
920,23,-152,31
921,23,-152,31
922,23,-152,31
923,23,-152,31
924,26,-152,31
925,26,-152,31
926,26,-152,31
927,26,-152,31
928,27,-151,30
929,27,-151,30
930,27,-151,30
931,27,-151,30
932,29,-151,31
933,29,-151,31
934,29,-151,31
935,29,-151,31
936,29,-150,30
937,29,-150,30
938,29,-150,30
939,29,-150,30
940,30,-149,30
941,30,-149,30
942,30,-149,30
943,30,-149,30
944,32,-151,28
945,32,-151,28
946,32,-151,28
947,32,-151,28
948,35,-148,30
949,35,-148,30
950,35,-148,30
951,35,-148,30
952,38,-148,33
953,38,-148,33
954,38,-148,33
955,38,-148,33
956,38,-145,34
957,38,-145,34
958,38,-145,34
959,38,-145,34
960,42,-147,30
961,42,-147,30
962,42,-147,30
963,42,-147,30
964,46,-147,29
965,46,-147,29
966,46,-147,29
967,46,-147,29
968,49,-148,27
969,49,-148,27
970,49,-148,27
971,49,-148,27
972,52,-149,27
973,52,-149,27
974,52,-149,27
975,52,-149,27
976,54,-150,28
977,54,-150,28
978,54,-150,28
979,54,-150,28
980,56,-151,30
981,56,-151,30
982,56,-151,30
983,56,-151,30
984,58,-150,31
985,58,-150,31
986,58,-150,31
987,58,-150,31
988,60,-150,32
989,60,-150,32
990,60,-150,32
991,60,-150,32
992,59,-158,28
993,59,-158,28
994,59,-158,28
995,59,-158,28
996,62,-154,29
997,62,-154,29
998,62,-154,29
999,62,-154,29
1000,64,-153,29
1001,64,-153,29
1002,64,-153,29
1003,64,-153,29
1004,66,-153,29
1005,66,-153,29
1006,66,-153,29
1007,66,-153,29
1008,68,-153,29
1009,68,-153,29
1010,68,-153,29
1011,68,-153,29
1012,71,-153,28
1013,71,-153,28
1014,71,-153,28
1015,71,-153,28
1016,73,-151,28
1017,73,-151,28
1018,73,-151,28
1019,73,-151,28
1020,74,-152,28
1021,74,-152,28
1022,74,-152,28
1023,74,-152,28
1024,76,-151,29
1025,76,-151,29
1026,76,-151,29
1027,76,-151,29
1028,77,-151,29
1029,77,-151,29
1030,77,-151,29
1031,77,-151,29
1032,79,-150,29
1033,79,-150,29
1034,79,-150,29
1035,79,-150,29
1036,80,-149,29
1037,80,-149,29
1038,80,-149,29
1039,80,-149,29
1040,82,-149,29
1041,82,-149,29
1042,82,-149,29
1043,82,-149,29
1044,81,-149,29
1045,81,-149,29
1046,81,-149,29
1047,81,-149,29
1048,83,-149,30
1049,83,-149,30
1050,83,-149,30
1051,83,-149,30
1052,84,-149,30
1053,84,-149,30
1054,84,-149,30
1055,84,-149,30
1056,85,-149,31
1057,85,-149,31
1058,85,-149,31
1059,85,-149,31
1060,87,-149,31
1061,87,-149,31
1062,87,-149,31
1063,87,-149,31
1064,89,-149,32
1065,89,-149,32
1066,89,-149,32
1067,89,-149,32
1068,89,-148,31
1069,89,-148,31
1070,89,-148,31
1071,89,-148,31
1072,92,-151,28
1073,92,-151,28
1074,92,-151,28
1075,92,-151,28
1076,93,-151,28
1077,93,-151,28
1078,93,-151,28
1079,93,-151,28
1080,93,-147,30
1081,93,-147,30
1082,93,-147,30
1083,93,-147,30
1084,94,-143,32
1085,94,-143,32
1086,94,-143,32
1087,94,-143,32
1088,93,-144,32
1089,93,-144,32
1090,93,-144,32
1091,93,-144,32
1092,92,-146,30
1093,92,-146,30
1094,92,-146,30
1095,92,-146,30
1096,90,-149,29
1097,90,-149,29
1098,90,-149,29
1099,90,-149,29
1100,95,-149,29
1101,95,-149,29
1102,95,-149,29
1103,95,-149,29
1104,98,-149,30
1105,98,-149,30
1106,98,-149,30
1107,98,-149,30
1108,99,-150,32
1109,99,-150,32
1110,99,-150,32
1111,99,-150,32
1112,99,-149,36
1113,99,-149,36
1114,99,-149,36
1115,99,-149,36
1116,100,-148,37
1117,100,-148,37
1118,100,-148,37
1119,100,-148,37
1120,102,-148,33
1121,102,-148,33
1122,102,-148,33
1123,102,-148,33
1124,100,-149,31
1125,100,-149,31
1126,100,-149,31
1127,100,-149,31
1128,99,-150,29
1129,99,-150,29
1130,99,-150,29
1131,99,-150,29
1132,99,-150,28
1133,99,-150,28
1134,99,-150,28
1135,99,-150,28
1136,99,-151,27
1137,99,-151,27
1138,99,-151,27
1139,99,-151,27
1140,99,-152,28
1141,99,-152,28
1142,99,-152,28
1143,99,-152,28
1144,100,-152,29
1145,100,-152,29
1146,100,-152,29
1147,100,-152,29
1148,102,-152,28
1149,102,-152,28
1150,102,-152,28
1151,102,-152,28
1152,100,-152,30
1153,100,-152,30
1154,100,-152,30
1155,100,-152,30
1156,100,-152,31
1157,100,-152,31
1158,100,-152,31
1159,100,-152,31
1160,100,-152,31
1161,100,-152,31
1162,100,-152,31
1163,100,-152,31
1164,100,-152,31
1165,100,-152,31
1166,100,-152,31
1167,100,-152,31
1168,103,-151,30
1169,103,-151,30
1170,103,-151,30
1171,103,-151,30
1172,104,-149,29
1173,104,-149,29
1174,104,-149,29
1175,104,-149,29
1176,101,-154,28
1177,101,-154,28
1178,101,-154,28
1179,101,-154,28
1180,101,-152,31
1181,101,-152,31
1182,101,-152,31
1183,101,-152,31
1184,100,-151,34
1185,100,-151,34
1186,100,-151,34
1187,100,-151,34
1188,100,-150,33
1189,100,-150,33
1190,100,-150,33
1191,100,-150,33
1192,99,-149,31
1193,99,-149,31
1194,99,-149,31
1195,99,-149,31
1196,101,-149,29
1197,101,-149,29
1198,101,-149,29
1199,101,-149,29
1200,101,-149,28
1201,101,-149,28
1202,101,-149,28
1203,101,-149,28
1204,102,-149,28
1205,102,-149,28
1206,102,-149,28
1207,102,-149,28
1208,100,-151,30
1209,100,-151,30
1210,100,-151,30
1211,100,-151,30
1212,100,-149,29
1213,100,-149,29
1214,100,-149,29
1215,100,-149,29
1216,95,-151,31
1217,95,-151,31
1218,95,-151,31
1219,95,-151,31
1220,94,-151,30
1221,94,-151,30
1222,94,-151,30
1223,94,-151,30
1224,96,-153,29
1225,96,-153,29
1226,96,-153,29
1227,96,-153,29
1228,95,-149,31
1229,95,-149,31
1230,95,-149,31
1231,95,-149,31
1232,96,-148,32
1233,96,-148,32
1234,96,-148,32
1235,96,-148,32
1236,97,-147,33
1237,97,-147,33
1238,97,-147,33
1239,97,-147,33
1240,98,-146,33
1241,98,-146,33
1242,98,-146,33
1243,98,-146,33
1244,97,-144,34
1245,97,-144,34
1246,97,-144,34
1247,97,-144,34
1248,97,-143,34
1249,97,-143,34
1250,97,-143,34
1251,97,-143,34
1252,94,-148,30
1253,94,-148,30
1254,94,-148,30
1255,94,-148,30
1256,104,-144,27
1257,104,-144,27
1258,104,-144,27
1259,104,-144,27
1260,108,-141,27
1261,108,-141,27
1262,108,-141,27
1263,108,-141,27
1264,107,-141,28
1265,107,-141,28
1266,107,-141,28
1267,107,-141,28
1268,105,-142,29
1269,105,-142,29
1270,105,-142,29
1271,105,-142,29
1272,103,-142,30
1273,103,-142,30
1274,103,-142,30
1275,103,-142,30
1276,101,-143,30
1277,101,-143,30
1278,101,-143,30
1279,101,-143,30
1280,96,-145,33
1281,96,-145,33
1282,96,-145,33
1283,96,-145,33
1284,96,-147,32
1285,96,-147,32
1286,96,-147,32
1287,96,-147,32
1288,96,-147,32
1289,96,-147,32
1290,96,-147,32
1291,96,-147,32
1292,99,-146,31
1293,99,-146,31
1294,99,-146,31
1295,99,-146,31
1296,102,-144,29
1297,102,-144,29
1298,102,-144,29
1299,102,-144,29
1300,101,-148,30
1301,101,-148,30
1302,101,-148,30
1303,101,-148,30
1304,101,-147,31
1305,101,-147,31
1306,101,-147,31
1307,101,-147,31
1308,101,-146,29
1309,101,-146,29
1310,101,-146,29
1311,101,-146,29
1312,103,-146,29
1313,103,-146,29
1314,103,-146,29
1315,103,-146,29
1316,103,-144,30
1317,103,-144,30
1318,103,-144,30
1319,103,-144,30
1320,104,-142,29
1321,104,-142,29
1322,104,-142,29
1323,104,-142,29
1324,106,-141,27
1325,106,-141,27
1326,106,-141,27
1327,106,-141,27
1328,106,-138,27
1329,106,-138,27
1330,106,-138,27
1331,106,-138,27
1332,106,-137,27
1333,106,-137,27
1334,106,-137,27
1335,106,-137,27
1336,104,-136,29
1337,104,-136,29
1338,104,-136,29
1339,104,-136,29
1340,102,-135,30
1341,102,-135,30
1342,102,-135,30
1343,102,-135,30
1344,99,-135,31
1345,99,-135,31
1346,99,-135,31
1347,99,-135,31
1348,95,-133,34
1349,95,-133,34
1350,95,-133,34
1351,95,-133,34
1352,92,-134,34
1353,92,-134,34
1354,92,-134,34
1355,92,-134,34
1356,98,-128,31
1357,98,-128,31
1358,98,-128,31
1359,98,-128,31
1360,97,-128,31
1361,97,-128,31
1362,97,-128,31
1363,97,-128,31
1364,97,-125,32
1365,97,-125,32
1366,97,-125,32
1367,97,-125,32
1368,97,-123,33
1369,97,-123,33
1370,97,-123,33
1371,97,-123,33
1372,97,-123,30
1373,97,-123,30
1374,97,-123,30
1375,97,-123,30
1376,96,-124,27
1377,96,-124,27
1378,96,-124,27
1379,96,-124,27
1380,101,-119,27
1381,101,-119,27
1382,101,-119,27
1383,101,-119,27
1384,104,-114,26
1385,104,-114,26
1386,104,-114,26
1387,104,-114,26
1388,103,-112,25
1389,103,-112,25
1390,103,-112,25
1391,103,-112,25
1392,102,-110,27
1393,102,-110,27
1394,102,-110,27
1395,102,-110,27
1396,98,-110,31
1397,98,-110,31
1398,98,-110,31
1399,98,-110,31
1400,98,-109,31
1401,98,-109,31
1402,98,-109,31
1403,98,-109,31
1404,97,-108,31
1405,97,-108,31
1406,97,-108,31
1407,97,-108,31
1408,96,-106,32
1409,96,-106,32
1410,96,-106,32
1411,96,-106,32
1412,98,-106,31
1413,98,-106,31
1414,98,-106,31
1415,98,-106,31
1416,102,-104,27
1417,102,-104,27
1418,102,-104,27
1419,102,-104,27
1420,100,-103,30
1421,100,-103,30
1422,100,-103,30
1423,100,-103,30
1424,100,-101,30
1425,100,-101,30
1426,100,-101,30
1427,100,-101,30
1428,98,-99,32
1429,98,-99,32
1430,98,-99,32
1431,98,-99,32
1432,97,-97,32
1433,97,-97,32
1434,97,-97,32
1435,97,-97,32
1436,98,-95,30
1437,98,-95,30
1438,98,-95,30
1439,98,-95,30
1440,99,-91,30
1441,99,-91,30
1442,99,-91,30
1443,99,-91,30
1444,102,-87,30
1445,102,-87,30
1446,102,-87,30
1447,102,-87,30
1448,100,-88,29
1449,100,-88,29
1450,100,-88,29
1451,100,-88,29
1452,97,-87,32
1453,97,-87,32
1454,97,-87,32
1455,97,-87,32
1456,97,-84,32
1457,97,-84,32
1458,97,-84,32
1459,97,-84,32
1460,97,-80,30
1461,97,-80,30
1462,97,-80,30
1463,97,-80,30
1464,97,-77,29
1465,97,-77,29
1466,97,-77,29
1467,97,-77,29
1468,97,-76,29
1469,97,-76,29
1470,97,-76,29
1471,97,-76,29
1472,97,-75,29
1473,97,-75,29
1474,97,-75,29
1475,97,-75,29
1476,97,-74,29
1477,97,-74,29
1478,97,-74,29
1479,97,-74,29
1480,97,-73,29
1481,97,-73,29
1482,97,-73,29
1483,97,-73,29
1484,97,-72,29
1485,97,-72,29
1486,97,-72,29
1487,97,-72,29
1488,98,-69,29
1489,98,-69,29
1490,98,-69,29
1491,98,-69,29
1492,99,-66,28
1493,99,-66,28
1494,99,-66,28
1495,99,-66,28
1496,101,-65,26
1497,101,-65,26
1498,101,-65,26
1499,101,-65,26
1500,102,-62,26
1501,102,-62,26
1502,102,-62,26
1503,102,-62,26
1504,99,-60,29
1505,99,-60,29
1506,99,-60,29
1507,99,-60,29
1508,103,-57,30
1509,103,-57,30
1510,103,-57,30
1511,103,-57,30
1512,102,-53,31
1513,102,-53,31
1514,102,-53,31
1515,102,-53,31
1516,100,-50,32
1517,100,-50,32
1518,100,-50,32
1519,100,-50,32
1520,102,-47,31
1521,102,-47,31
1522,102,-47,31
1523,102,-47,31
1524,104,-45,30
1525,104,-45,30
1526,104,-45,30
1527,104,-45,30
1528,106,-43,28
1529,106,-43,28
1530,106,-43,28
1531,106,-43,28
1532,109,-39,27
1533,109,-39,27
1534,109,-39,27
1535,109,-39,27
1536,104,-38,29
1537,104,-38,29
1538,104,-38,29
1539,104,-38,29
1540,102,-38,31
1541,102,-38,31
1542,102,-38,31
1543,102,-38,31
1544,101,-37,31
1545,101,-37,31
1546,101,-37,31
1547,101,-37,31
1548,99,-35,31
1549,99,-35,31
1550,99,-35,31
1551,99,-35,31
1552,100,-34,30
1553,100,-34,30
1554,100,-34,30
1555,100,-34,30
1556,102,-32,28
1557,102,-32,28
1558,102,-32,28
1559,102,-32,28
1560,101,-29,29
1561,101,-29,29
1562,101,-29,29
1563,101,-29,29
1564,101,-27,29
1565,101,-27,29
1566,101,-27,29
1567,101,-27,29
1568,103,-25,30
1569,103,-25,30
1570,103,-25,30
1571,103,-25,30
1572,102,-25,29
1573,102,-25,29
1574,102,-25,29
1575,102,-25,29
1576,103,-23,29
1577,103,-23,29
1578,103,-23,29
1579,103,-23,29
1580,105,-24,28
1581,105,-24,28
1582,105,-24,28
1583,105,-24,28
1584,105,-21,28
1585,105,-21,28
1586,105,-21,28
1587,105,-21,28
1588,104,-20,28
1589,104,-20,28
1590,104,-20,28
1591,104,-20,28
1592,101,-20,30
1593,101,-20,30
1594,101,-20,30
1595,101,-20,30
1596,99,-19,32
1597,99,-19,32
1598,99,-19,32
1599,99,-19,32
1600,98,-19,31
1601,98,-19,31
1602,98,-19,31
1603,98,-19,31
1604,98,-16,30
1605,98,-16,30
1606,98,-16,30
1607,98,-16,30
1608,99,-14,29
1609,99,-14,29
1610,99,-14,29
1611,99,-14,29
1612,99,-12,29
1613,99,-12,29
1614,99,-12,29
1615,99,-12,29
1616,99,-11,30
1617,99,-11,30
1618,99,-11,30
1619,99,-11,30
1620,99,-8,30
1621,99,-8,30
1622,99,-8,30
1623,99,-8,30
1624,99,-6,30
1625,99,-6,30
1626,99,-6,30
1627,99,-6,30
1628,97,-5,30
1629,97,-5,30
1630,97,-5,30
1631,97,-5,30
1632,98,-7,29
1633,98,-7,29
1634,98,-7,29
1635,98,-7,29
1636,104,-5,29
1637,104,-5,29
1638,104,-5,29
1639,104,-5,29
1640,105,-4,30
1641,105,-4,30
1642,105,-4,30
1643,105,-4,30
1644,104,-5,29
1645,104,-5,29
1646,104,-5,29
1647,104,-5,29
1648,99,-5,32
1649,99,-5,32
1650,99,-5,32
1651,99,-5,32
1652,99,-2,31
1653,99,-2,31
1654,99,-2,31
1655,99,-2,31
1656,101,-4,28
1657,101,-4,28
1658,101,-4,28
1659,101,-4,28
1660,101,-3,26
1661,101,-3,26
1662,101,-3,26
1663,101,-3,26
1664,99,-3,28
1665,99,-3,28
1666,99,-3,28
1667,99,-3,28
1668,101,-3,28
1669,101,-3,28
1670,101,-3,28
1671,101,-3,28
1672,104,-1,28
1673,104,-1,28
1674,104,-1,28
1675,104,-1,28
1676,104,-3,28
1677,104,-3,28
1678,104,-3,28
1679,104,-3,28
1680,105,-3,28
1681,105,-3,28
1682,105,-3,28
1683,105,-3,28
1684,105,-1,28
1685,105,-1,28
1686,105,-1,28
1687,105,-1,28
1688,104,-1,30
1689,104,-1,30
1690,104,-1,30
1691,104,-1,30
1692,101,-1,32
1693,101,-1,32
1694,101,-1,32
1695,101,-1,32
1696,100,0,33
1697,100,0,33
1698,100,0,33
1699,100,0,33
1700,103,0,31
1701,103,0,31
1702,103,0,31
1703,103,0,31
1704,102,0,28
1705,102,0,28
1706,102,0,28
1707,102,0,28
1708,103,0,26
1709,103,0,26
1710,103,0,26
1711,103,0,26
1712,103,3,27
1713,103,3,27
1714,103,3,27
1715,103,3,27
1716,106,0,30
1717,106,0,30
1718,106,0,30
1719,106,0,30
1720,109,0,31
1721,109,0,31
1722,109,0,31
1723,109,0,31
1724,109,-1,30
1725,109,-1,30
1726,109,-1,30
1727,109,-1,30
1728,110,1,30
1729,110,1,30
1730,110,1,30
1731,110,1,30
1732,108,1,29
1733,108,1,29
1734,108,1,29
1735,108,1,29
1736,101,-2,31
1737,101,-2,31
1738,101,-2,31
1739,101,-2,31
1740,101,-4,33
1741,101,-4,33
1742,101,-4,33
1743,101,-4,33
1744,97,-3,34
1745,97,-3,34
1746,97,-3,34
1747,97,-3,34
1748,97,1,32
1749,97,1,32
1750,97,1,32
1751,97,1,32
1752,99,0,30
1753,99,0,30
1754,99,0,30
1755,99,0,30
1756,101,0,28
1757,101,0,28
1758,101,0,28
1759,101,0,28
1760,104,-1,28
1761,104,-1,28
1762,104,-1,28
1763,104,-1,28
1764,104,-2,29
1765,104,-2,29
1766,104,-2,29
1767,104,-2,29
1768,101,-4,30
1769,101,-4,30
1770,101,-4,30
1771,101,-4,30
1772,99,-4,31
1773,99,-4,31
1774,99,-4,31
1775,99,-4,31
1776,96,-1,32
1777,96,-1,32
1778,96,-1,32
1779,96,-1,32
1780,98,-1,30
1781,98,-1,30
1782,98,-1,30
1783,98,-1,30
1784,98,0,27
1785,98,0,27
1786,98,0,27
1787,98,0,27
1788,94,3,28
1789,94,3,28
1790,94,3,28
1791,94,3,28
1792,94,5,29
1793,94,5,29
1794,94,5,29
1795,94,5,29
1796,100,0,31
1797,100,0,31
1798,100,0,31
1799,100,0,31
1800,99,-4,32
1801,99,-4,32
1802,99,-4,32
1803,99,-4,32
1804,101,-4,32
1805,101,-4,32
1806,101,-4,32
1807,101,-4,32
1808,102,-4,31
1809,102,-4,31
1810,102,-4,31
1811,102,-4,31
1812,101,-2,30
1813,101,-2,30
1814,101,-2,30
1815,101,-2,30
1816,97,-3,28
1817,97,-3,28
1818,97,-3,28
1819,97,-3,28
1820,88,-2,31
1821,88,-2,31
1822,88,-2,31
1823,88,-2,31
1824,88,-4,32
1825,88,-4,32
1826,88,-4,32
1827,88,-4,32
1828,87,-3,32
1829,87,-3,32
1830,87,-3,32
1831,87,-3,32
1832,89,-3,31
1833,89,-3,31
1834,89,-3,31
1835,89,-3,31
1836,89,-3,31
1837,89,-3,31
1838,89,-3,31
1839,89,-3,31
1840,88,-2,32
1841,88,-2,32
1842,88,-2,32
1843,88,-2,32
1844,88,0,33
1845,88,0,33
1846,88,0,33
1847,88,0,33
1848,90,0,31
1849,90,0,31
1850,90,0,31
1851,90,0,31
1852,93,0,28
1853,93,0,28
1854,93,0,28
1855,93,0,28
1856,94,2,29
1857,94,2,29
1858,94,2,29
1859,94,2,29
1860,93,1,28
1861,93,1,28
1862,93,1,28
1863,93,1,28
1864,91,0,27
1865,91,0,27
1866,91,0,27
1867,91,0,27
1868,90,-2,26
1869,90,-2,26
1870,90,-2,26
1871,90,-2,26
1872,89,-4,26
1873,89,-4,26
1874,89,-4,26
1875,89,-4,26
1876,86,-1,30
1877,86,-1,30
1878,86,-1,30
1879,86,-1,30
1880,80,-2,30
1881,80,-2,30
1882,80,-2,30
1883,80,-2,30
1884,79,-3,29
1885,79,-3,29
1886,79,-3,29
1887,79,-3,29
1888,79,-2,29
1889,79,-2,29
1890,79,-2,29
1891,79,-2,29
1892,80,0,28
1893,80,0,28
1894,80,0,28
1895,80,0,28
1896,78,2,28
1897,78,2,28
1898,78,2,28
1899,78,2,28
1900,79,2,29
1901,79,2,29
1902,79,2,29
1903,79,2,29
1904,78,5,29
1905,78,5,29
1906,78,5,29
1907,78,5,29
1908,78,6,28
1909,78,6,28
1910,78,6,28
1911,78,6,28
1912,78,10,28
1913,78,10,28
1914,78,10,28
1915,78,10,28
1916,77,10,27
1917,77,10,27
1918,77,10,27
1919,77,10,27
1920,77,3,28
1921,77,3,28
1922,77,3,28
1923,77,3,28
1924,76,0,28
1925,76,0,28
1926,76,0,28
1927,76,0,28
1928,74,-1,28
1929,74,-1,28
1930,74,-1,28
1931,74,-1,28
1932,72,-1,27
1933,72,-1,27
1934,72,-1,27
1935,72,-1,27
1936,70,0,28
1937,70,0,28
1938,70,0,28
1939,70,0,28
1940,67,0,28
1941,67,0,28
1942,67,0,28
1943,67,0,28
1944,65,0,28
1945,65,0,28
1946,65,0,28
1947,65,0,28
1948,61,0,30
1949,61,0,30
1950,61,0,30
1951,61,0,30
1952,59,0,30
1953,59,0,30
1954,59,0,30
1955,59,0,30
1956,57,-1,30
1957,57,-1,30
1958,57,-1,30
1959,57,-1,30
1960,56,-2,30
1961,56,-2,30
1962,56,-2,30
1963,56,-2,30
1964,54,-3,30
1965,54,-3,30
1966,54,-3,30
1967,54,-3,30
1968,52,-4,31
1969,52,-4,31
1970,52,-4,31
1971,52,-4,31
1972,49,-3,32
1973,49,-3,32
1974,49,-3,32
1975,49,-3,32
1976,47,-2,32
1977,47,-2,32
1978,47,-2,32
1979,47,-2,32
1980,45,-1,31
1981,45,-1,31
1982,45,-1,31
1983,45,-1,31
1984,42,0,30
1985,42,0,30
1986,42,0,30
1987,42,0,30
1988,42,4,30
1989,42,4,30
1990,42,4,30
1991,42,4,30
1992,40,4,30
1993,40,4,30
1994,40,4,30
1995,40,4,30
1996,37,3,30
1997,37,3,30
1998,37,3,30
1999,37,3,30
2000,33,1,30
2001,33,1,30
2002,33,1,30
2003,33,1,30
2004,30,0,31
2005,30,0,31
2006,30,0,31
2007,30,0,31
2008,27,0,31
2009,27,0,31
2010,27,0,31
2011,27,0,31
2012,26,0,31
2013,26,0,31
2014,26,0,31
2015,26,0,31
2016,26,2,31
2017,26,2,31
2018,26,2,31
2019,26,2,31
2020,25,2,31
2021,25,2,31
2022,25,2,31
2023,25,2,31
2024,24,2,30
2025,24,2,30
2026,24,2,30
2027,24,2,30
2028,22,3,29
2029,22,3,29
2030,22,3,29
2031,22,3,29
2032,21,2,29
2033,21,2,29
2034,21,2,29
2035,21,2,29
2036,19,1,29
2037,19,1,29
2038,19,1,29
2039,19,1,29
2040,18,0,29
2041,18,0,29
2042,18,0,29
2043,18,0,29
2044,17,0,29
2045,17,0,29
2046,17,0,29
2047,17,0,29
2048,15,0,29
2049,15,0,29
2050,15,0,29
2051,15,0,29
2052,12,0,28
2053,12,0,28
2054,12,0,28
2055,12,0,28
2056,11,0,28
2057,11,0,28
2058,11,0,28
2059,11,0,28
2060,9,0,28
2061,9,0,28
2062,9,0,28
2063,9,0,28
2064,9,0,30
2065,9,0,30
2066,9,0,30
2067,9,0,30
2068,8,0,29
2069,8,0,29
2070,8,0,29
2071,8,0,29
2072,7,0,29
2073,7,0,29
2074,7,0,29
2075,7,0,29
2076,7,0,29
2077,7,0,29
2078,7,0,29
2079,7,0,29
2080,6,0,30
2081,6,0,30
2082,6,0,30
2083,6,0,30
2084,6,0,30
2085,6,0,30
2086,6,0,30
2087,6,0,30
2088,5,0,30
2089,5,0,30
2090,5,0,30
2091,5,0,30
2092,5,0,30
2093,5,0,30
2094,5,0,30
2095,5,0,30
2096,4,0,30
2097,4,0,30
2098,4,0,30
2099,4,0,30
2100,3,0,30
2101,3,0,30
2102,3,0,30
2103,3,0,30
2104,2,0,32
2105,2,0,32
2106,2,0,32
2107,2,0,32
2108,2,0,32
2109,2,0,32
2110,2,0,32
2111,2,0,32
2112,0,0,30
2113,0,0,30
2114,0,0,30
2115,0,0,30
2116,0,0,30
2117,0,0,30
2118,0,0,30
2119,0,0,30
2120,0,0,29
2121,0,0,29
2122,0,0,29
2123,0,0,29
2124,0,0,28
2125,0,0,28
2126,0,0,28
2127,0,0,28
2128,0,0,28
2129,0,0,28
2130,0,0,28
2131,0,0,28
2132,0,0,28
2133,0,0,28
2134,0,0,28
2135,0,0,28
2136,0,0,28
2137,0,0,28
2138,0,0,28
2139,0,0,28
2140,0,1,29
2141,0,1,29
2142,0,1,29
2143,0,1,29
2144,1,0,31
2145,1,0,31
2146,1,0,31
2147,1,0,31
2148,2,1,32
2149,2,1,32
2150,2,1,32
2151,2,1,32
2152,2,1,32
2153,2,1,32
2154,2,1,32
2155,2,1,32
2156,2,1,30
2157,2,1,30
2158,2,1,30
2159,2,1,30
2160,3,1,29
2161,3,1,29
2162,3,1,29
2163,3,1,29
2164,3,2,28
2165,3,2,28
2166,3,2,28
2167,3,2,28
2168,2,2,28
2169,2,2,28
2170,2,2,28
2171,2,2,28
2172,2,-1,28
2173,2,-1,28
2174,2,-1,28
2175,2,-1,28
2176,-2,2,28
2177,-2,2,28
2178,-2,2,28
2179,-2,2,28
2180,-4,3,30
2181,-4,3,30
2182,-4,3,30
2183,-4,3,30
2184,-3,2,31
2185,-3,2,31
2186,-3,2,31
2187,-3,2,31
2188,-2,1,34
2189,-2,1,34
2190,-2,1,34
2191,-2,1,34
2192,-2,0,35
2193,-2,0,35
2194,-2,0,35
2195,-2,0,35
2196,0,0,35
2197,0,0,35
2198,0,0,35
2199,0,0,35
2200,0,0,35
2201,0,0,35
2202,0,0,35
2203,0,0,35
2204,0,-1,36
2205,0,-1,36
2206,0,-1,36
2207,0,-1,36
2208,1,-1,38
2209,1,-1,38
2210,1,-1,38
2211,1,-1,38
2212,1,0,39
2213,1,0,39
2214,1,0,39
2215,1,0,39
2216,3,0,41
2217,3,0,41
2218,3,0,41
2219,3,0,41
2220,2,0,40
2221,2,0,40
2222,2,0,40
2223,2,0,40
2224,3,2,41
2225,3,2,41
2226,3,2,41
2227,3,2,41
2228,1,2,41
2229,1,2,41
2230,1,2,41
2231,1,2,41
2232,0,2,42
2233,0,2,42
2234,0,2,42
2235,0,2,42
2236,2,4,42
2237,2,4,42
2238,2,4,42
2239,2,4,42
2240,1,4,40
2241,1,4,40
2242,1,4,40
2243,1,4,40
2244,1,4,39
2245,1,4,39
2246,1,4,39
2247,1,4,39
2248,1,3,39
2249,1,3,39
2250,1,3,39
2251,1,3,39
2252,0,2,38
2253,0,2,38
2254,0,2,38
2255,0,2,38
2256,-1,0,37
2257,-1,0,37
2258,-1,0,37
2259,-1,0,37
2260,-1,0,39
2261,-1,0,39
2262,-1,0,39
2263,-1,0,39
2264,-2,0,39
2265,-2,0,39
2266,-2,0,39
2267,-2,0,39
2268,-1,0,40
2269,-1,0,40
2270,-1,0,40
2271,-1,0,40
2272,-1,0,41
2273,-1,0,41
2274,-1,0,41
2275,-1,0,41
2276,-1,-1,42
2277,-1,-1,42
2278,-1,-1,42
2279,-1,-1,42
2280,-2,-2,40
2281,-2,-2,40
2282,-2,-2,40
2283,-2,-2,40
2284,-2,-3,40
2285,-2,-3,40
2286,-2,-3,40
2287,-2,-3,40
2288,-1,-3,41
2289,-1,-3,41
2290,-1,-3,41
2291,-1,-3,41
2292,-2,-4,40
2293,-2,-4,40
2294,-2,-4,40
2295,-2,-4,40
2296,-1,-6,41
2297,-1,-6,41
2298,-1,-6,41
2299,-1,-6,41
2300,0,-4,42
2301,0,-4,42
2302,0,-4,42
2303,0,-4,42
2304,-1,-4,43
2305,-1,-4,43
2306,-1,-4,43
2307,-1,-4,43
2308,-2,-3,42
2309,-2,-3,42
2310,-2,-3,42
2311,-2,-3,42
2312,-1,-4,41
2313,-1,-4,41
2314,-1,-4,41
2315,-1,-4,41
2316,-1,-3,41
2317,-1,-3,41
2318,-1,-3,41
2319,-1,-3,41
2320,-1,-4,40
2321,-1,-4,40
2322,-1,-4,40
2323,-1,-4,40
2324,-1,-4,40
2325,-1,-4,40
2326,-1,-4,40
2327,-1,-4,40
2328,-1,-5,40
2329,-1,-5,40
2330,-1,-5,40
2331,-1,-5,40
2332,-1,-7,38
2333,-1,-7,38
2334,-1,-7,38
2335,-1,-7,38
2336,0,-8,39
2337,0,-8,39
2338,0,-8,39
2339,0,-8,39
2340,0,-9,40
2341,0,-9,40
2342,0,-9,40
2343,0,-9,40
2344,0,-10,40
2345,0,-10,40
2346,0,-10,40
2347,0,-10,40
2348,1,-9,40
2349,1,-9,40
2350,1,-9,40
2351,1,-9,40
2352,0,-9,40
2353,0,-9,40
2354,0,-9,40
2355,0,-9,40
2356,0,-9,41
2357,0,-9,41
2358,0,-9,41
2359,0,-9,41
2360,0,-9,41
2361,0,-9,41
2362,0,-9,41
2363,0,-9,41
2364,2,-9,40
2365,2,-9,40
2366,2,-9,40
2367,2,-9,40
2368,2,-11,38
2369,2,-11,38
2370,2,-11,38
2371,2,-11,38
2372,3,-12,38
2373,3,-12,38
2374,3,-12,38
2375,3,-12,38
2376,1,-13,36
2377,1,-13,36
2378,1,-13,36
2379,1,-13,36
2380,1,-13,37
2381,1,-13,37
2382,1,-13,37
2383,1,-13,37
2384,0,-15,37
2385,0,-15,37
2386,0,-15,37
2387,0,-15,37
2388,0,-16,37
2389,0,-16,37
2390,0,-16,37
2391,0,-16,37
2392,0,-18,39
2393,0,-18,39
2394,0,-18,39
2395,0,-18,39
2396,0,-20,39
2397,0,-20,39
2398,0,-20,39
2399,0,-20,39
2400,0,-21,40
2401,0,-21,40
2402,0,-21,40
2403,0,-21,40
2404,1,-23,40
2405,1,-23,40
2406,1,-23,40
2407,1,-23,40
2408,0,-26,39
2409,0,-26,39
2410,0,-26,39
2411,0,-26,39
2412,2,-27,39
2413,2,-27,39
2414,2,-27,39
2415,2,-27,39
2416,2,-29,39
2417,2,-29,39
2418,2,-29,39
2419,2,-29,39
2420,4,-33,39
2421,4,-33,39
2422,4,-33,39
2423,4,-33,39
2424,1,-30,38
2425,1,-30,38
2426,1,-30,38
2427,1,-30,38
2428,0,-29,38
2429,0,-29,38
2430,0,-29,38
2431,0,-29,38
2432,-1,-29,38
2433,-1,-29,38
2434,-1,-29,38
2435,-1,-29,38
2436,-1,-29,39
2437,-1,-29,39
2438,-1,-29,39
2439,-1,-29,39
2440,-2,-32,39
2441,-2,-32,39
2442,-2,-32,39
2443,-2,-32,39
2444,-1,-34,39
2445,-1,-34,39
2446,-1,-34,39
2447,-1,-34,39
2448,-1,-38,38
2449,-1,-38,38
2450,-1,-38,38
2451,-1,-38,38
2452,-1,-41,37
2453,-1,-41,37
2454,-1,-41,37
2455,-1,-41,37
2456,-1,-44,38
2457,-1,-44,38
2458,-1,-44,38
2459,-1,-44,38
2460,-2,-44,36
2461,-2,-44,36
2462,-2,-44,36
2463,-2,-44,36
2464,-2,-46,37
2465,-2,-46,37
2466,-2,-46,37
2467,-2,-46,37
2468,-2,-48,37
2469,-2,-48,37
2470,-2,-48,37
2471,-2,-48,37
2472,-1,-50,38
2473,-1,-50,38
2474,-1,-50,38
2475,-1,-50,38
2476,0,-52,41
2477,0,-52,41
2478,0,-52,41
2479,0,-52,41
2480,1,-54,42
2481,1,-54,42
2482,1,-54,42
2483,1,-54,42
2484,0,-56,42
2485,0,-56,42
2486,0,-56,42
2487,0,-56,42
2488,1,-59,40
2489,1,-59,40
2490,1,-59,40
2491,1,-59,40
2492,0,-63,39
2493,0,-63,39
2494,0,-63,39
2495,0,-63,39
2496,0,-66,37
2497,0,-66,37
2498,0,-66,37
2499,0,-66,37
2500,0,-69,36
2501,0,-69,36
2502,0,-69,36
2503,0,-69,36
2504,0,-71,37
2505,0,-71,37
2506,0,-71,37
2507,0,-71,37
2508,-1,-75,35
2509,-1,-75,35
2510,-1,-75,35
2511,-1,-75,35
2512,0,-78,34
2513,0,-78,34
2514,0,-78,34
2515,0,-78,34
2516,0,-80,35
2517,0,-80,35
2518,0,-80,35
2519,0,-80,35
2520,0,-81,37
2521,0,-81,37
2522,0,-81,37
2523,0,-81,37
2524,0,-83,38
2525,0,-83,38
2526,0,-83,38
2527,0,-83,38
2528,0,-84,39
2529,0,-84,39
2530,0,-84,39
2531,0,-84,39
2532,-1,-86,41
2533,-1,-86,41
2534,-1,-86,41
2535,-1,-86,41
2536,0,-86,41
2537,0,-86,41
2538,0,-86,41
2539,0,-86,41
2540,2,-87,39
2541,2,-87,39
2542,2,-87,39
2543,2,-87,39
2544,3,-89,41
2545,3,-89,41
2546,3,-89,41
2547,3,-89,41
2548,2,-91,39
2549,2,-91,39
2550,2,-91,39
2551,2,-91,39
2552,1,-94,38
2553,1,-94,38
2554,1,-94,38
2555,1,-94,38
2556,0,-96,40
2557,0,-96,40
2558,0,-96,40
2559,0,-96,40
2560,0,-98,39
2561,0,-98,39
2562,0,-98,39
2563,0,-98,39
2564,0,-101,37
2565,0,-101,37
2566,0,-101,37
2567,0,-101,37
2568,-1,-105,38
2569,-1,-105,38
2570,-1,-105,38
2571,-1,-105,38
2572,1,-105,37
2573,1,-105,37
2574,1,-105,37
2575,1,-105,37
2576,0,-107,36
2577,0,-107,36
2578,0,-107,36
2579,0,-107,36
2580,1,-108,37
2581,1,-108,37
2582,1,-108,37
2583,1,-108,37
2584,0,-110,38
2585,0,-110,38
2586,0,-110,38
2587,0,-110,38
2588,0,-112,37
2589,0,-112,37
2590,0,-112,37
2591,0,-112,37
2592,0,-113,38
2593,0,-113,38
2594,0,-113,38
2595,0,-113,38
2596,0,-115,40
2597,0,-115,40
2598,0,-115,40
2599,0,-115,40
2600,0,-118,41
2601,0,-118,41
2602,0,-118,41
2603,0,-118,41
2604,0,-120,44
2605,0,-120,44
2606,0,-120,44
2607,0,-120,44
2608,-6,-125,41
2609,-6,-125,41
2610,-6,-125,41
2611,-6,-125,41
2612,-10,-128,41
2613,-10,-128,41
2614,-10,-128,41
2615,-10,-128,41
2616,-12,-131,41
2617,-12,-131,41
2618,-12,-131,41
2619,-12,-131,41
2620,7,-124,38
2621,7,-124,38
2622,7,-124,38
2623,7,-124,38
2624,8,-119,35
2625,8,-119,35
2626,8,-119,35
2627,8,-119,35
2628,10,-121,33
2629,10,-121,33
2630,10,-121,33
2631,10,-121,33
2632,9,-121,34
2633,9,-121,34
2634,9,-121,34
2635,9,-121,34
2636,7,-122,35
2637,7,-122,35
2638,7,-122,35
2639,7,-122,35
2640,2,-125,35
2641,2,-125,35
2642,2,-125,35
2643,2,-125,35
2644,-1,-129,36
2645,-1,-129,36
2646,-1,-129,36
2647,-1,-129,36
2648,-6,-134,36
2649,-6,-134,36
2650,-6,-134,36
2651,-6,-134,36
2652,-5,-140,36
2653,-5,-140,36
2654,-5,-140,36
2655,-5,-140,36
2656,-4,-143,36
2657,-4,-143,36
2658,-4,-143,36
2659,-4,-143,36
2660,-2,-144,37
2661,-2,-144,37
2662,-2,-144,37
2663,-2,-144,37
2664,2,-145,40
2665,2,-145,40
2666,2,-145,40
2667,2,-145,40
2668,11,-149,45
2669,11,-149,45
2670,11,-149,45
2671,11,-149,45
2672,14,-148,48
2673,14,-148,48
2674,14,-148,48
2675,14,-148,48
2676,7,-145,44
2677,7,-145,44
2678,7,-145,44
2679,7,-145,44
2680,4,-143,41
2681,4,-143,41
2682,4,-143,41
2683,4,-143,41
2684,0,-142,39
2685,0,-142,39
2686,0,-142,39
2687,0,-142,39
2688,-2,-141,37
2689,-2,-141,37
2690,-2,-141,37
2691,-2,-141,37
2692,-11,-135,34
2693,-11,-135,34
2694,-11,-135,34
2695,-11,-135,34
2696,-14,-135,35
2697,-14,-135,35
2698,-14,-135,35
2699,-14,-135,35
2700,-13,-138,35
2701,-13,-138,35
2702,-13,-138,35
2703,-13,-138,35
2704,-12,-141,37
2705,-12,-141,37
2706,-12,-141,37
2707,-12,-141,37
2708,-7,-145,35
2709,-7,-145,35
2710,-7,-145,35
2711,-7,-145,35
2712,0,-147,35
2713,0,-147,35
2714,0,-147,35
2715,0,-147,35
2716,4,-149,38
2717,4,-149,38
2718,4,-149,38
2719,4,-149,38
2720,8,-150,39
2721,8,-150,39
2722,8,-150,39
2723,8,-150,39
2724,7,-150,44
2725,7,-150,44
2726,7,-150,44
2727,7,-150,44
2728,4,-147,47
2729,4,-147,47
2730,4,-147,47
2731,4,-147,47
2732,0,-153,43
2733,0,-153,43
2734,0,-153,43
2735,0,-153,43
2736,0,-151,42
2737,0,-151,42
2738,0,-151,42
2739,0,-151,42
2740,-3,-151,43
2741,-3,-151,43
2742,-3,-151,43
2743,-3,-151,43
2744,6,-141,41
2745,6,-141,41
2746,6,-141,41
2747,6,-141,41
2748,7,-139,38
2749,7,-139,38
2750,7,-139,38
2751,7,-139,38
2752,8,-140,40
2753,8,-140,40
2754,8,-140,40
2755,8,-140,40
2756,6,-143,38
2757,6,-143,38
2758,6,-143,38
2759,6,-143,38
2760,6,-146,39
2761,6,-146,39
2762,6,-146,39
2763,6,-146,39
2764,3,-147,40
2765,3,-147,40
2766,3,-147,40
2767,3,-147,40
2768,0,-152,39
2769,0,-152,39
2770,0,-152,39
2771,0,-152,39
2772,0,-153,40
2773,0,-153,40
2774,0,-153,40
2775,0,-153,40
2776,-3,-151,42
2777,-3,-151,42
2778,-3,-151,42
2779,-3,-151,42
2780,-2,-150,43
2781,-2,-150,43
2782,-2,-150,43
2783,-2,-150,43
2784,-2,-149,43
2785,-2,-149,43
2786,-2,-149,43
2787,-2,-149,43
2788,-3,-150,42
2789,-3,-150,42
2790,-3,-150,42
2791,-3,-150,42
2792,-2,-148,43
2793,-2,-148,43
2794,-2,-148,43
2795,-2,-148,43
2796,-4,-145,43
2797,-4,-145,43
2798,-4,-145,43
2799,-4,-145,43
2800,-4,-145,42
2801,-4,-145,42
2802,-4,-145,42
2803,-4,-145,42
2804,-4,-145,43
2805,-4,-145,43
2806,-4,-145,43
2807,-4,-145,43
2808,-3,-147,42
2809,-3,-147,42
2810,-3,-147,42
2811,-3,-147,42
2812,-4,-149,44
2813,-4,-149,44
2814,-4,-149,44
2815,-4,-149,44
2816,-4,-149,44
2817,-4,-149,44
2818,-4,-149,44
2819,-4,-149,44
2820,0,-150,39
2821,0,-150,39
2822,0,-150,39
2823,0,-150,39
2824,0,-150,41
2825,0,-150,41
2826,0,-150,41
2827,0,-150,41
2828,2,-148,39
2829,2,-148,39
2830,2,-148,39
2831,2,-148,39
2832,3,-149,37
2833,3,-149,37
2834,3,-149,37
2835,3,-149,37
2836,2,-149,38
2837,2,-149,38
2838,2,-149,38
2839,2,-149,38
2840,1,-149,39
2841,1,-149,39
2842,1,-149,39
2843,1,-149,39
2844,0,-149,43
2845,0,-149,43
2846,0,-149,43
2847,0,-149,43
2848,0,-153,40
2849,0,-153,40
2850,0,-153,40
2851,0,-153,40
2852,0,-153,42
2853,0,-153,42
2854,0,-153,42
2855,0,-153,42
2856,1,-153,45
2857,1,-153,45
2858,1,-153,45
2859,1,-153,45
2860,3,-150,38
2861,3,-150,38
2862,3,-150,38
2863,3,-150,38
2864,3,-149,40
2865,3,-149,40
2866,3,-149,40
2867,3,-149,40
2868,4,-149,39
2869,4,-149,39
2870,4,-149,39
2871,4,-149,39
2872,2,-149,39
2873,2,-149,39
2874,2,-149,39
2875,2,-149,39
2876,1,-151,39
2877,1,-151,39
2878,1,-151,39
2879,1,-151,39
2880,0,-152,39
2881,0,-152,39
2882,0,-152,39
2883,0,-152,39
2884,4,-153,37
2885,4,-153,37
2886,4,-153,37
2887,4,-153,37
2888,4,-155,39
2889,4,-155,39
2890,4,-155,39
2891,4,-155,39
2892,0,-153,40
2893,0,-153,40
2894,0,-153,40
2895,0,-153,40
2896,0,-152,39
2897,0,-152,39
2898,0,-152,39
2899,0,-152,39
2900,0,-151,39
2901,0,-151,39
2902,0,-151,39
2903,0,-151,39
2904,0,-150,41
2905,0,-150,41
2906,0,-150,41
2907,0,-150,41
2908,-1,-149,44
2909,-1,-149,44
2910,-1,-149,44
2911,-1,-149,44
2912,0,-149,42
2913,0,-149,42
2914,0,-149,42
2915,0,-149,42
2916,1,-149,43
2917,1,-149,43
2918,1,-149,43
2919,1,-149,43
2920,2,-149,42
2921,2,-149,42
2922,2,-149,42
2923,2,-149,42
2924,1,-149,41
2925,1,-149,41
2926,1,-149,41
2927,1,-149,41
2928,2,-150,39
2929,2,-150,39
2930,2,-150,39
2931,2,-150,39
2932,0,-150,40
2933,0,-150,40
2934,0,-150,40
2935,0,-150,40
2936,-1,-150,39
2937,-1,-150,39
2938,-1,-150,39
2939,-1,-150,39
2940,-2,-149,41
2941,-2,-149,41
2942,-2,-149,41
2943,-2,-149,41
2944,0,-149,39
2945,0,-149,39
2946,0,-149,39
2947,0,-149,39
2948,0,-149,39
2949,0,-149,39
2950,0,-149,39
2951,0,-149,39
2952,1,-149,39
2953,1,-149,39
2954,1,-149,39
2955,1,-149,39
2956,1,-149,39
2957,1,-149,39
2958,1,-149,39
2959,1,-149,39
2960,1,-149,39
2961,1,-149,39
2962,1,-149,39
2963,1,-149,39
2964,2,-149,39
2965,2,-149,39
2966,2,-149,39
2967,2,-149,39
2968,1,-148,40
2969,1,-148,40
2970,1,-148,40
2971,1,-148,40
2972,1,-149,40
2973,1,-149,40
2974,1,-149,40
2975,1,-149,40
2976,0,-149,42
2977,0,-149,42
2978,0,-149,42
2979,0,-149,42
2980,-2,-148,46
2981,-2,-148,46
2982,-2,-148,46
2983,-2,-148,46
2984,-6,-149,45
2985,-6,-149,45
2986,-6,-149,45
2987,-6,-149,45
2988,-10,-153,43
2989,-10,-153,43
2990,-10,-153,43
2991,-10,-153,43
2992,-9,-153,39
2993,-9,-153,39
2994,-9,-153,39
2995,-9,-153,39
2996,-9,-153,38
2997,-9,-153,38
2998,-9,-153,38
2999,-9,-153,38
3000,10,-139,33
3001,10,-139,33
3002,10,-139,33
3003,10,-139,33
3004,16,-133,33
3005,16,-133,33
3006,16,-133,33
3007,16,-133,33
3008,20,-130,33
3009,20,-130,33
3010,20,-130,33
3011,20,-130,33
3012,1,-129,30
3013,1,-129,30
3014,1,-129,30
3015,1,-129,30
3016,-8,-141,26
3017,-8,-141,26
3018,-8,-141,26
3019,-8,-141,26
3020,-5,-148,21
3021,-5,-148,21
3022,-5,-148,21
3023,-5,-148,21
3024,10,-156,14
3025,10,-156,14
3026,10,-156,14
3027,10,-156,14
3028,27,-157,8
3029,27,-157,8
3030,27,-157,8
3031,27,-157,8
3032,27,-143,11
3033,27,-143,11
3034,27,-143,11
3035,27,-143,11
3036,21,-133,10
3037,21,-133,10
3038,21,-133,10
3039,21,-133,10
3040,14,-132,8
3041,14,-132,8
3042,14,-132,8
3043,14,-132,8
3044,8,-128,5
3045,8,-128,5
3046,8,-128,5
3047,8,-128,5
3048,-6,-113,15
3049,-6,-113,15
3050,-6,-113,15
3051,-6,-113,15
3052,-22,-104,22
3053,-22,-104,22
3054,-22,-104,22
3055,-22,-104,22
3056,-39,-92,31
3057,-39,-92,31
3058,-39,-92,31
3059,-39,-92,31
3060,-55,-77,42
3061,-55,-77,42
3062,-55,-77,42
3063,-55,-77,42
3064,-69,-62,53
3065,-69,-62,53
3066,-69,-62,53
3067,-69,-62,53
3068,-80,-46,67
3069,-80,-46,67
3070,-80,-46,67
3071,-80,-46,67
3072,-89,-31,83
3073,-89,-31,83
3074,-89,-31,83
3075,-89,-31,83
3076,-97,-8,117
3077,-97,-8,117
3078,-97,-8,117
3079,-97,-8,117
3080,-98,6,132
3081,-98,6,132
3082,-98,6,132
3083,-98,6,132
3084,-99,15,152
3085,-99,15,152
3086,-99,15,152
3087,-99,15,152
3088,-96,36,166
3089,-96,36,166
3090,-96,36,166
3091,-96,36,166
3092,-93,56,182
3093,-93,56,182
3094,-93,56,182
3095,-93,56,182
3096,-88,80,196
3097,-88,80,196
3098,-88,80,196
3099,-88,80,196
3100,-85,103,217
3101,-85,103,217
3102,-85,103,217
3103,-85,103,217
3104,-77,129,233
3105,-77,129,233
3106,-77,129,233
3107,-77,129,233
3108,-66,159,248
3109,-66,159,248
3110,-66,159,248
3111,-66,159,248
3112,-54,191,263
3113,-54,191,263
3114,-54,191,263
3115,-54,191,263
3116,-40,226,278
3117,-40,226,278
3118,-40,226,278
3119,-40,226,278
3120,-24,264,292
3121,-24,264,292
3122,-24,264,292
3123,-24,264,292
3124,-8,299,306
3125,-8,299,306
3126,-8,299,306
3127,-8,299,306
3128,11,342,320
3129,11,342,320
3130,11,342,320
3131,11,342,320
3132,31,386,336
3133,31,386,336
3134,31,386,336
3135,31,386,336
3136,55,435,350
3137,55,435,350
3138,55,435,350
3139,55,435,350
3140,77,483,368
3141,77,483,368
3142,77,483,368
3143,77,483,368
3144,104,537,380
3145,104,537,380
3146,104,537,380
3147,104,537,380
3148,134,593,391
3149,134,593,391
3150,134,593,391
3151,134,593,391
3152,161,652,406
3153,161,652,406
3154,161,652,406
3155,161,652,406
3156,191,712,422
3157,191,712,422
3158,191,712,422
3159,191,712,422
3160,216,771,445
3161,216,771,445
3162,216,771,445
3163,216,771,445
3164,251,835,457
3165,251,835,457
3166,251,835,457
3167,251,835,457
3168,292,910,467
3169,292,910,467
3170,292,910,467
3171,292,910,467
3172,330,980,477
3173,330,980,477
3174,330,980,477
3175,330,980,477
3176,354,1034,506
3177,354,1034,506
3178,354,1034,506
3179,354,1034,506
3180,381,1089,551
3181,381,1089,551
3182,381,1089,551
3183,381,1089,551
3184,418,1154,560
3185,418,1154,560
3186,418,1154,560
3187,418,1154,560
3188,464,1233,564
3189,464,1233,564
3190,464,1233,564
3191,464,1233,564
3192,508,1311,572
3193,508,1311,572
3194,508,1311,572
3195,508,1311,572
3196,555,1391,578
3197,555,1391,578
3198,555,1391,578
3199,555,1391,578
3200,0,0,280
3201,0,0,280
3202,0,0,280
3203,0,0,280
3204,0,0,272
3205,0,0,272
3206,0,0,272
3207,0,0,272
3208,0,0,252
3209,0,0,252
3210,0,0,252
3211,0,0,252
3212,0,0,224
3213,0,0,224
3214,0,0,224
3215,0,0,224
3216,0,-1,200
3217,0,-1,200
3218,0,-1,200
3219,0,-1,200
3220,-1,-3,183
3221,-1,-3,183
3222,-1,-3,183
3223,-1,-3,183
3224,-2,-5,176
3225,-2,-5,176
3226,-2,-5,176
3227,-2,-5,176
3228,-2,-6,174
3229,-2,-6,174
3230,-2,-6,174
3231,-2,-6,174
3232,-3,-7,172
3233,-3,-7,172
3234,-3,-7,172
3235,-3,-7,172
3236,-3,-8,167
3237,-3,-8,167
3238,-3,-8,167
3239,-3,-8,167
3240,-4,-10,167
3241,-4,-10,167
3242,-4,-10,167
3243,-4,-10,167
3244,-5,-12,168
3245,-5,-12,168
3246,-5,-12,168
3247,-5,-12,168
3248,-6,-13,169
3249,-6,-13,169
3250,-6,-13,169
3251,-6,-13,169
3252,-7,-15,168
3253,-7,-15,168
3254,-7,-15,168
3255,-7,-15,168
3256,-8,-18,170
3257,-8,-18,170
3258,-8,-18,170
3259,-8,-18,170
3260,-8,-21,168
3261,-8,-21,168
3262,-8,-21,168
3263,-8,-21,168
3264,-10,-24,167
3265,-10,-24,167
3266,-10,-24,167
3267,-10,-24,167
3268,-13,-29,166
3269,-13,-29,166
3270,-13,-29,166
3271,-13,-29,166
3272,-16,-35,166
3273,-16,-35,166
3274,-16,-35,166
3275,-16,-35,166
3276,-18,-42,164
3277,-18,-42,164
3278,-18,-42,164
3279,-18,-42,164
3280,-22,-52,163
3281,-22,-52,163
3282,-22,-52,163
3283,-22,-52,163
3284,-37,-81,166
3285,-37,-81,166
3286,-37,-81,166
3287,-37,-81,166
3288,-46,-102,166
3289,-46,-102,166
3290,-46,-102,166
3291,-46,-102,166
3292,-59,-129,166
3293,-59,-129,166
3294,-59,-129,166
3295,-59,-129,166
3296,-74,-163,166
3297,-74,-163,166
3298,-74,-163,166
3299,-74,-163,166
3300,-95,-207,168
3301,-95,-207,168
3302,-95,-207,168
3303,-95,-207,168
3304,-120,-263,169
3305,-120,-263,169
3306,-120,-263,169
3307,-120,-263,169
3308,-153,-335,167
3309,-153,-335,167
3310,-153,-335,167
3311,-153,-335,167
3312,-197,-430,167
3313,-197,-430,167
3314,-197,-430,167
3315,-197,-430,167
3316,-254,-556,166
3317,-254,-556,166
3318,-254,-556,166
3319,-254,-556,166
3320,-326,-714,164
3321,-326,-714,164
3322,-326,-714,164
3323,-326,-714,164
3324,-417,-911,162
3325,-417,-911,162
3326,-417,-911,162
3327,-417,-911,162
3328,-532,-1164,164
3329,-532,-1164,164
3330,-532,-1164,164
3331,-532,-1164,164
3332,-654,-1432,160
3333,-654,-1432,160
3334,-654,-1432,160
3335,-654,-1432,160
3336,0,0,276
3337,0,0,276
3338,0,0,276
3339,0,0,276
3340,0,0,38
3341,0,0,38
3342,0,0,38
3343,0,0,38
3344,5,2,-18
3345,5,2,-18
3346,5,2,-18
3347,5,2,-18
3348,-1,18,-35
3349,-1,18,-35
3350,-1,18,-35
3351,-1,18,-35
3352,109,136,0
3353,109,136,0
3354,109,136,0
3355,109,136,0
3356,182,256,47
3357,182,256,47
3358,182,256,47
3359,182,256,47
3360,53,-93,-82
3361,53,-93,-82
3362,53,-93,-82
3363,53,-93,-82
3364,101,-126,-64
3365,101,-126,-64
3366,101,-126,-64
3367,101,-126,-64
3368,112,-131,10
3369,112,-131,10
3370,112,-131,10
3371,112,-131,10
3372,98,-97,4
3373,98,-97,4
3374,98,-97,4
3375,98,-97,4
3376,141,-134,88
3377,141,-134,88
3378,141,-134,88
3379,141,-134,88
3380,146,-131,106
3381,146,-131,106
3382,146,-131,106
3383,146,-131,106
3384,154,-118,100
3385,154,-118,100
3386,154,-118,100
3387,154,-118,100
3388,162,-94,79
3389,162,-94,79
3390,162,-94,79
3391,162,-94,79
3392,155,-55,62
3393,155,-55,62
3394,155,-55,62
3395,155,-55,62
3396,159,-4,35
3397,159,-4,35
3398,159,-4,35
3399,159,-4,35
3400,167,27,22
3401,167,27,22
3402,167,27,22
3403,167,27,22
3404,178,53,11
3405,178,53,11
3406,178,53,11
3407,178,53,11
3408,194,99,-5
3409,194,99,-5
3410,194,99,-5
3411,194,99,-5
3412,211,149,-26
3413,211,149,-26
3414,211,149,-26
3415,211,149,-26
3416,232,191,-41
3417,232,191,-41
3418,232,191,-41
3419,232,191,-41
3420,254,230,-56
3421,254,230,-56
3422,254,230,-56
3423,254,230,-56
